id,email,phone,city,country,firstname,surname,android,iphone,desktop
1,Jamie.Bright@example.com,533-849-3913,Montreal,Canada,Jamie,Bright,True,False,False
2,Arabella.Knox@example.com,652-272-9539,Los Angeles,USA,Arabella,Knox,True,True,False
3,Yusra.Fletcher@example.com,385-702-8874,Toronto,Canada,Yusra,Fletcher,True,True,True
4,Esme.Nielsen@example.com,621-797-5367,Los Angeles,USA,Esme,Nielsen,True,True,False
5,Beatrix.Everett@example.com,194-640-2758,Paris,France,Beatrix,Everett,True,False,False
6,Dean.Lewis@example.com,243-955-3782,San Diego,USA,Dean,Lewis,True,True,True
7,Inaaya.Velasquez@example.com,489-241-7631,Los Angeles,USA,Inaaya,Velasquez,True,True,True
8,Tasnim.Cobb@example.com,262-380-8877,San Diego,USA,Tasnim,Cobb,False,False,True
9,Asa.Vazquez@example.com,504-421-4485,Toronto,Canada,Asa,Vazquez,True,False,False
10,Keith.Donovan@example.com,549-515-6738,Chicago,USA,Keith,Donovan,False,True,True
11,Moshe.Colon@example.com,131-622-5442,New York,USA,Moshe,Colon,False,True,True
12,Hussain.Santos@example.com,379-352-6285,San Diego,USA,Hussain,Santos,False,True,True
13,Lillian.Hanna@example.com,488-762-8236,Los Angeles,USA,Lillian,Hanna,False,True,False
14,Harvey.Guerrero@example.com,597-677-6862,Chicago,USA,Harvey,Guerrero,False,True,False
15,Leroy.Barrera@example.com,659-190-9378,New York,USA,Leroy,Barrera,True,True,True
16,Zack.Griffin@example.com,467-370-7724,San Diego,USA,Zack,Griffin,False,False,True
17,Adele.Garza@example.com,429-916-1662,New York,USA,Adele,Garza,True,True,True
18,Sandra.Cherry@example.com,218-605-4170,San Francisco,USA,Sandra,Cherry,False,False,True
19,Carmen.Burton@example.com,527-368-7429,Toronto,Canada,Carmen,Burton,True,False,True
20,Donald.Stone@example.com,730-260-4630,London,United Kingdom,Donald,Stone,True,False,True
21,Clifford.Mcgee@example.com,715-116-6302,San Francisco,USA,Clifford,Mcgee,True,True,False
22,Gerald.Maldonado@example.com,660-116-3336,San Francisco,USA,Gerald,Maldonado,True,False,False
23,Danielle.Glenn@example.com,727-709-3351,San Francisco,USA,Danielle,Glenn,True,True,True
24,Isabelle.Lopez@example.com,981-878-3234,Paris,France,Isabelle,Lopez,True,True,False
25,Alina.Mccoy@example.com,495-292-8149,San Francisco,USA,Alina,Mccoy,False,True,True
26,Julius.Garrett@example.com,866-664-7969,Barcelona,Spain,Julius,Garrett,True,True,True
27,Frazer.Anthony@example.com,139-396-1336,New York,USA,Frazer,Anthony,False,True,True
28,Cassie.Molina@example.com,811-806-5304,San Francisco,USA,Cassie,Molina,True,False,True
29,Dafydd.Preston@example.com,368-987-3267,Barcelona,Spain,Dafydd,Preston,True,True,True
30,Stephanie.Rice@example.com,830-901-9870,Montreal,Canada,Stephanie,Rice,True,False,False
31,Bradley.Butler@example.com,937-172-2269,Montreal,Canada,Bradley,Butler,False,True,False
32,Alejandro.Brandt@example.com,334-279-1420,New York,USA,Alejandro,Brandt,True,True,True
33,Louise.Daniel@example.com,917-348-4728,Barcelona,Spain,Louise,Daniel,True,True,False
34,Livia.Howe@example.com,868-828-4315,Toronto,Canada,Livia,Howe,False,True,False
35,Linda.Combs@example.com,742-395-8995,Los Angeles,USA,Linda,Combs,True,True,True
36,Dominik.Odling@example.com,365-145-3897,Los Angeles,USA,Dominik,Odling,True,False,True
37,Lili.Schroeder@example.com,640-348-2128,Toronto,Canada,Lili,Schroeder,True,True,False
38,Jeremiah.Martin@example.com,277-350-5557,London,United Kingdom,Jeremiah,Martin,True,False,False
39,Keyaan.Holland@example.com,845-797-2979,Barcelona,Spain,Keyaan,Holland,True,True,False
40,Clara.Bird@example.com,958-605-3200,San Francisco,USA,Clara,Bird,True,False,False
41,Cody.Riley@example.com,872-906-9681,London,United Kingdom,Cody,Riley,True,True,True
42,Tomas.Griffith@example.com,492-337-4468,London,United Kingdom,Tomas,Griffith,False,True,False
43,Elena.Pineda@example.com,617-226-9486,Los Angeles,USA,Elena,Pineda,True,True,True
44,Diana.Davenport@example.com,505-179-8348,Los Angeles,USA,Diana,Davenport,False,True,True
45,Cordelia.Houston@example.com,946-560-7738,San Francisco,USA,Cordelia,Houston,True,True,False
46,Abubakar.House@example.com,713-179-2294,San Diego,USA,Abubakar,House,False,False,True
47,Celia.Terry@example.com,986-149-3342,New York,USA,Celia,Terry,False,True,True
48,Esther.Mccall@example.com,573-696-6671,Los Angeles,USA,Esther,Mccall,True,False,True
49,Idris.Proctor@example.com,584-182-6496,San Diego,USA,Idris,Proctor,True,False,True
50,Bruno.Noble@example.com,639-790-8394,San Diego,USA,Bruno,Noble,False,True,False
51,Herman.Munoz@example.com,689-881-9382,Los Angeles,USA,Herman,Munoz,True,False,True
52,Amaan.Rangel@example.com,837-435-2302,Montreal,Canada,Amaan,Rangel,True,True,False
53,Prince.Thompson@example.com,115-215-7565,Chicago,USA,Prince,Thompson,False,False,True
54,Bethany.Santana@example.com,924-146-4189,New York,USA,Bethany,Santana,False,True,False
55,Ernest.Martinez@example.com,448-597-4211,San Diego,USA,Ernest,Martinez,True,False,True
56,Susannah.O'Doherty@example.com,981-489-3689,Chicago,USA,Susannah,O'Doherty,True,True,True
57,Billie.Price@example.com,917-866-8131,London,United Kingdom,Billie,Price,False,False,True
58,Orlando.Pitts@example.com,427-711-9658,Los Angeles,USA,Orlando,Pitts,False,True,False
59,Phoebe.Weiss@example.com,299-560-9666,London,United Kingdom,Phoebe,Weiss,True,False,True
60,Juanita.Baldwin@example.com,989-786-8538,San Diego,USA,Juanita,Baldwin,True,True,True
61,Honor.Jacobson@example.com,624-535-4606,San Francisco,USA,Honor,Jacobson,True,False,True
62,Ty.Mcintyre@example.com,743-856-9854,San Francisco,USA,Ty,Mcintyre,True,True,False
63,Johnathan.Berger@example.com,545-458-1679,San Diego,USA,Johnathan,Berger,False,True,True
64,Jason.Snyder@example.com,202-632-2346,San Francisco,USA,Jason,Snyder,True,False,False
65,Aled.Silva@example.com,612-360-5367,Toronto,Canada,Aled,Silva,False,True,False
66,Aisha.Webb@example.com,447-728-9592,San Francisco,USA,Aisha,Webb,True,False,True
67,Dewi.Keith@example.com,816-321-4054,Chicago,USA,Dewi,Keith,True,True,False
68,Saif.Green@example.com,978-659-7286,Paris,France,Saif,Green,False,True,False
69,Saoirse.Keller@example.com,699-966-4749,San Francisco,USA,Saoirse,Keller,True,True,True
70,Valerie.Oneal@example.com,651-335-6190,Toronto,Canada,Valerie,Oneal,True,True,True
71,Ilyas.Dunlap@example.com,491-981-1293,London,United Kingdom,Ilyas,Dunlap,False,True,False
72,Kingsley.Moyer@example.com,927-708-1141,San Francisco,USA,Kingsley,Moyer,True,False,True
73,Kara.Stewart@example.com,794-314-2500,Paris,France,Kara,Stewart,True,True,False
74,Myrtle.Doyle@example.com,525-796-7991,Toronto,Canada,Myrtle,Doyle,True,True,True
75,Marjorie.Shields@example.com,346-207-2724,San Diego,USA,Marjorie,Shields,False,True,True
76,Taha.Casey@example.com,581-100-2001,Los Angeles,USA,Taha,Casey,True,False,True
77,Cleo.Greer@example.com,138-806-4136,Los Angeles,USA,Cleo,Greer,True,True,False
78,Angela.Mcmillan@example.com,868-463-1850,London,United Kingdom,Angela,Mcmillan,True,False,False
79,Vivian.Peterson@example.com,598-995-3909,San Francisco,USA,Vivian,Peterson,True,False,False
80,Cheryl.Owens@example.com,812-775-9881,San Francisco,USA,Cheryl,Owens,True,True,False
81,Ahmad.Castro@example.com,629-807-5687,San Francisco,USA,Ahmad,Castro,True,False,False
82,Casper.Freeman@example.com,932-653-8020,San Diego,USA,Casper,Freeman,True,False,False
83,Zachery.Brennan@example.com,323-591-3874,San Francisco,USA,Zachery,Brennan,True,False,False
84,Safia.Ayers@example.com,512-649-7865,San Francisco,USA,Safia,Ayers,False,True,False
85,Clarence.Hanson@example.com,743-908-5464,Chicago,USA,Clarence,Hanson,True,True,False
86,Douglas.Browning@example.com,247-523-1403,New York,USA,Douglas,Browning,True,False,False
87,Rahim.Cuevas@example.com,300-879-5941,Los Angeles,USA,Rahim,Cuevas,False,True,False
88,Humza.Velez@example.com,931-502-4660,New York,USA,Humza,Velez,False,True,True
89,Everett.Fitzpatrick@example.com,520-305-7264,New York,USA,Everett,Fitzpatrick,False,True,False
90,Anas.Blevins@example.com,138-515-3364,San Diego,USA,Anas,Blevins,True,True,True
91,Amir.Clark@example.com,924-287-4068,London,United Kingdom,Amir,Clark,True,True,True
92,Mohamed.Barr@example.com,604-185-7149,San Francisco,USA,Mohamed,Barr,True,False,False
93,Elif.Khan@example.com,686-123-8571,New York,USA,Elif,Khan,True,False,True
94,Mia.Horne@example.com,667-185-1569,Los Angeles,USA,Mia,Horne,True,True,True
95,Miles.Fisher@example.com,702-511-6770,San Diego,USA,Miles,Fisher,True,True,True
96,Nadia.Neal@example.com,255-874-4270,New York,USA,Nadia,Neal,True,True,True
97,Alastair.Buckley@example.com,776-243-3725,San Diego,USA,Alastair,Buckley,True,False,False
98,Traci.Banks@example.com,313-374-6903,San Francisco,USA,Traci,Banks,True,True,False
99,Colby.Hart@example.com,900-712-6799,San Francisco,USA,Colby,Hart,True,False,True
100,Usman.Swanson@example.com,431-103-9132,London,United Kingdom,Usman,Swanson,True,True,True
101,Michelle.Love@example.com,672-651-8173,New York,USA,Michelle,Love,True,True,False
102,Alina.Walls@example.com,507-883-4629,Chicago,USA,Alina,Walls,True,False,False
103,Caspar.Hudson@example.com,830-584-4874,Toronto,Canada,Caspar,Hudson,False,True,False
104,Chelsea.Wyatt@example.com,750-801-9657,San Diego,USA,Chelsea,Wyatt,False,True,True
105,Franklin.Conway@example.com,768-545-4465,San Diego,USA,Franklin,Conway,True,False,True
106,Ruth.Andrews@example.com,159-468-6067,Chicago,USA,Ruth,Andrews,False,True,True
107,Polly.Reyes@example.com,296-740-3450,San Diego,USA,Polly,Reyes,False,True,False
108,Mohsin.Tucker@example.com,174-389-8757,Toronto,Canada,Mohsin,Tucker,False,False,True
109,Huw.Valentine@example.com,441-847-1955,Chicago,USA,Huw,Valentine,False,True,True
110,Pearl.Perez@example.com,947-926-6369,San Francisco,USA,Pearl,Perez,False,True,False
111,Harriett.Mccoy@example.com,956-438-3865,San Francisco,USA,Harriett,Mccoy,True,True,True
112,Aiden.Galvan@example.com,559-282-1575,San Diego,USA,Aiden,Galvan,False,False,True
113,Kaan.Miranda@example.com,940-569-5175,San Francisco,USA,Kaan,Miranda,True,False,False
114,Laurie.Melendez@example.com,488-382-1416,Toronto,Canada,Laurie,Melendez,False,True,True
115,Tanya.Watson@example.com,432-515-4933,Montreal,Canada,Tanya,Watson,True,True,False
116,Gerard.Vargas@example.com,663-149-3581,San Diego,USA,Gerard,Vargas,True,True,True
117,Priya.Moore@example.com,455-692-4736,Paris,France,Priya,Moore,False,False,True
118,Sean.Bolton@example.com,222-241-5406,Los Angeles,USA,Sean,Bolton,True,True,False
119,Arron.Peck@example.com,226-392-7970,Paris,France,Arron,Peck,True,True,False
120,Justin.Rowland@example.com,665-725-2354,Paris,France,Justin,Rowland,True,True,False
121,Jasper.Brandt@example.com,527-756-7352,London,United Kingdom,Jasper,Brandt,False,False,True
122,Teresa.Mccarty@example.com,223-114-4003,Toronto,Canada,Teresa,Mccarty,False,True,True
123,Finnian.Fisher@example.com,382-879-9946,Toronto,Canada,Finnian,Fisher,True,True,False
124,Carol.York@example.com,402-586-5192,San Diego,USA,Carol,York,True,False,False
125,Nora.Ball@example.com,921-528-9551,Barcelona,Spain,Nora,Ball,False,False,True
126,Bessie.Cole@example.com,424-390-3432,San Diego,USA,Bessie,Cole,False,True,False
127,Zoya.Giles@example.com,301-750-7631,Toronto,Canada,Zoya,Giles,True,True,False
128,Malik.Cuevas@example.com,935-337-2537,San Diego,USA,Malik,Cuevas,True,False,False
129,Alejandro.Duncan@example.com,487-150-9471,London,United Kingdom,Alejandro,Duncan,False,False,True
130,Zohaib.Hartman@example.com,928-400-6426,Montreal,Canada,Zohaib,Hartman,False,False,True
131,Alivia.Armstrong@example.com,398-367-7522,Chicago,USA,Alivia,Armstrong,False,True,False
132,Tina.Powell@example.com,372-218-6551,New York,USA,Tina,Powell,True,False,True
133,Zack.Mcclain@example.com,586-280-9496,New York,USA,Zack,Mcclain,False,True,False
134,Lydia.Chan@example.com,649-585-3076,San Francisco,USA,Lydia,Chan,False,True,True
135,Bertie.Ward@example.com,971-922-8663,Montreal,Canada,Bertie,Ward,True,False,True
136,Hafsah.Booker@example.com,731-730-2543,New York,USA,Hafsah,Booker,False,True,True
137,India.Simmons@example.com,605-920-3435,San Diego,USA,India,Simmons,True,True,False
138,Adnan.Allen@example.com,561-365-7378,Chicago,USA,Adnan,Allen,True,False,True
139,Kamran.Wilcox@example.com,476-365-7838,London,United Kingdom,Kamran,Wilcox,True,False,True
140,Gary.Hutchinson@example.com,245-506-5389,San Francisco,USA,Gary,Hutchinson,True,False,False
141,Adriana.Stafford@example.com,473-741-6496,Montreal,Canada,Adriana,Stafford,False,True,False
142,Everly.Fuentes@example.com,398-369-8927,Barcelona,Spain,Everly,Fuentes,True,False,False
143,Ian.Ho@example.com,586-175-1970,San Francisco,USA,Ian,Ho,True,False,False
144,Emelia.Page@example.com,929-575-4315,San Francisco,USA,Emelia,Page,False,True,True
145,Elijah.Castaneda@example.com,354-709-5741,Chicago,USA,Elijah,Castaneda,False,False,True
146,Edith.Walker@example.com,805-146-4773,Los Angeles,USA,Edith,Walker,False,True,False
147,Eleanor.Mcintosh@example.com,153-538-3431,Toronto,Canada,Eleanor,Mcintosh,True,False,False
148,Maksymilian.Crosby@example.com,298-837-9139,New York,USA,Maksymilian,Crosby,True,False,False
149,Abdirahman.Mullen@example.com,669-442-8257,Toronto,Canada,Abdirahman,Mullen,True,True,True
150,Mariah.Castro@example.com,866-155-1011,New York,USA,Mariah,Castro,True,True,False
151,Laiba.Ingram@example.com,780-200-2871,San Diego,USA,Laiba,Ingram,False,True,True
152,Matteo.Moon@example.com,830-546-5378,London,United Kingdom,Matteo,Moon,True,True,False
153,Blaine.Boyer@example.com,411-997-1636,London,United Kingdom,Blaine,Boyer,False,False,True
154,Thomas.English@example.com,891-190-2889,New York,USA,Thomas,English,False,False,True
155,Lochlan.Fitzgerald@example.com,762-973-4444,San Francisco,USA,Lochlan,Fitzgerald,False,False,True
156,Alia.Brooks@example.com,327-292-8469,Montreal,Canada,Alia,Brooks,True,False,True
157,Aimee.Duffy@example.com,856-144-7655,San Diego,USA,Aimee,Duffy,True,True,False
158,Ethan.Price@example.com,558-134-7531,Los Angeles,USA,Ethan,Price,True,True,True
159,Will.Santana@example.com,460-231-8743,Los Angeles,USA,Will,Santana,True,False,True
160,Alessia.Watts@example.com,619-580-5165,New York,USA,Alessia,Watts,True,False,False
161,Eliza.Gordon@example.com,805-946-7433,Los Angeles,USA,Eliza,Gordon,True,False,False
162,Martina.Boyle@example.com,145-824-4775,Los Angeles,USA,Martina,Boyle,False,False,True
163,Talha.Austin@example.com,279-345-3532,New York,USA,Talha,Austin,False,True,True
164,Herman.Knowles@example.com,130-936-8674,Los Angeles,USA,Herman,Knowles,False,True,True
165,Amira.Berg@example.com,627-954-8991,Chicago,USA,Amira,Berg,True,True,False
166,Darcie.Lane@example.com,899-901-3539,Los Angeles,USA,Darcie,Lane,True,False,False
167,Kurtis.Marks@example.com,690-396-3965,Montreal,Canada,Kurtis,Marks,False,False,True
168,Josie.Pham@example.com,202-569-8234,San Diego,USA,Josie,Pham,True,True,True
169,Katy.Harrington@example.com,645-829-7495,San Francisco,USA,Katy,Harrington,False,True,False
170,Macie.Payne@example.com,782-737-6408,New York,USA,Macie,Payne,True,False,False
171,Patrick.Morse@example.com,220-102-3684,New York,USA,Patrick,Morse,True,True,False
172,Nathaniel.Gonzalez@example.com,421-145-6627,Chicago,USA,Nathaniel,Gonzalez,False,False,True
173,Enya.Hernandez@example.com,406-397-1498,Barcelona,Spain,Enya,Hernandez,False,True,False
174,Kiera.Cotton@example.com,254-627-7406,Los Angeles,USA,Kiera,Cotton,True,False,False
175,Tia.Potter@example.com,137-491-6519,New York,USA,Tia,Potter,True,True,False
176,Melvin.Flores@example.com,708-692-8746,London,United Kingdom,Melvin,Flores,False,True,True
177,Hassan.Kemp@example.com,131-471-2639,San Diego,USA,Hassan,Kemp,False,False,True
178,Jenson.Carver@example.com,128-789-4202,Chicago,USA,Jenson,Carver,False,True,True
179,Aminah.Wells@example.com,950-639-9777,Chicago,USA,Aminah,Wells,True,True,True
180,Dhruv.Villarreal@example.com,931-559-3083,London,United Kingdom,Dhruv,Villarreal,True,False,True
181,Rhodri.Kelley@example.com,106-651-2649,Los Angeles,USA,Rhodri,Kelley,False,True,False
182,Luqman.Carrillo@example.com,124-533-2523,New York,USA,Luqman,Carrillo,True,False,False
183,Ishaan.Stevenson@example.com,631-367-5233,San Francisco,USA,Ishaan,Stevenson,False,False,True
184,David.Bridges@example.com,946-447-2454,New York,USA,David,Bridges,False,True,False
185,Milton.Carlson@example.com,344-559-6014,Los Angeles,USA,Milton,Carlson,False,False,True
186,Gareth.Sutherland@example.com,471-744-7605,San Diego,USA,Gareth,Sutherland,True,False,False
187,Andre.Long@example.com,883-691-2967,San Francisco,USA,Andre,Long,False,True,True
188,Ridwan.Houston@example.com,530-308-5425,London,United Kingdom,Ridwan,Houston,False,False,True
189,Darcey.Whitney@example.com,483-860-2350,San Francisco,USA,Darcey,Whitney,True,True,True
190,Charlotte.Baxter@example.com,757-193-7348,San Francisco,USA,Charlotte,Baxter,True,False,True
191,Damon.Bullock@example.com,130-864-9453,Chicago,USA,Damon,Bullock,True,False,True
192,Leonie.Sanders@example.com,248-366-9279,Chicago,USA,Leonie,Sanders,True,True,False
193,Susie.Gibbons@example.com,194-777-4804,Los Angeles,USA,Susie,Gibbons,True,True,True
194,Fynn.Graham@example.com,763-842-3292,Toronto,Canada,Fynn,Graham,True,True,False
195,Jorge.Maldonado@example.com,220-296-3772,San Diego,USA,Jorge,Maldonado,True,False,True
196,Alanna.Stephens@example.com,710-282-8586,Chicago,USA,Alanna,Stephens,False,True,False
197,Tiago.Dunn@example.com,728-796-4352,San Diego,USA,Tiago,Dunn,True,True,False
198,Zakir.Russell@example.com,599-588-9264,Toronto,Canada,Zakir,Russell,False,True,True
199,Asa.Haines@example.com,327-464-5734,London,United Kingdom,Asa,Haines,True,True,False
200,Eesa.Buchanan@example.com,533-397-5445,London,United Kingdom,Eesa,Buchanan,True,True,False
201,Conor.Rush@example.com,663-671-4088,New York,USA,Conor,Rush,False,True,False
202,Kabir.Stewart@example.com,891-887-3513,San Francisco,USA,Kabir,Stewart,True,False,True
203,Lili.Patel@example.com,823-509-3052,Montreal,Canada,Lili,Patel,True,False,True
204,Philippa.Webster@example.com,407-892-7705,Toronto,Canada,Philippa,Webster,True,False,False
205,Zoe.Newman@example.com,620-765-4496,San Francisco,USA,Zoe,Newman,False,True,True
206,Azaan.Roth@example.com,130-119-2032,Los Angeles,USA,Azaan,Roth,True,True,False
207,Mark.Friedman@example.com,111-862-3502,San Diego,USA,Mark,Friedman,True,False,True
208,Jessie.Greer@example.com,950-317-1709,London,United Kingdom,Jessie,Greer,True,True,True
209,Eliot.Stokes@example.com,864-975-1957,Los Angeles,USA,Eliot,Stokes,False,True,False
210,Alessia.Jenkins@example.com,547-388-2503,Chicago,USA,Alessia,Jenkins,False,True,False
211,Gerard.Francis@example.com,958-724-3846,Chicago,USA,Gerard,Francis,True,True,True
212,Angela.Lynch@example.com,227-737-8739,San Francisco,USA,Angela,Lynch,True,True,False
213,Kyran.Wyatt@example.com,778-841-9881,Montreal,Canada,Kyran,Wyatt,True,True,False
214,Eugene.Taylor@example.com,712-926-3402,Toronto,Canada,Eugene,Taylor,False,True,False
215,Katerina.Turner@example.com,753-511-5460,San Francisco,USA,Katerina,Turner,False,True,True
216,Nataniel.Nunez@example.com,202-158-5194,New York,USA,Nataniel,Nunez,False,False,True
217,Phoebe.Rodriguez@example.com,516-779-4464,New York,USA,Phoebe,Rodriguez,True,False,True
218,Tony.Shepard@example.com,416-772-8288,Barcelona,Spain,Tony,Shepard,False,True,False
219,Sinead.Horne@example.com,340-355-9098,Toronto,Canada,Sinead,Horne,True,False,True
220,Sahar.Kim@example.com,718-676-2743,San Francisco,USA,Sahar,Kim,True,True,False
221,Emmie.Schmidt@example.com,130-236-9253,San Francisco,USA,Emmie,Schmidt,True,False,False
222,Sonia.Lowe@example.com,418-550-4001,Paris,France,Sonia,Lowe,True,False,False
223,Rupert.Mejia@example.com,194-235-2353,San Francisco,USA,Rupert,Mejia,True,False,True
224,Lily-Rose.Kaufman@example.com,271-963-2123,Chicago,USA,Lily-Rose,Kaufman,True,False,False
225,Neil.Haynes@example.com,421-219-5363,San Diego,USA,Neil,Haynes,True,True,True
226,Morgan.Hardy@example.com,974-761-7628,London,United Kingdom,Morgan,Hardy,False,True,True
227,Ibraheem.Mcgee@example.com,667-192-9013,San Diego,USA,Ibraheem,Mcgee,False,True,False
228,Ned.Rowland@example.com,400-103-9062,Paris,France,Ned,Rowland,False,True,False
229,Kate.Cline@example.com,927-741-2027,Toronto,Canada,Kate,Cline,True,False,True
230,Hana.Barr@example.com,541-180-4090,San Francisco,USA,Hana,Barr,True,False,True
231,Darcy.Wall@example.com,109-398-3560,Montreal,Canada,Darcy,Wall,False,False,True
232,Aisha.Winters@example.com,280-831-1664,Toronto,Canada,Aisha,Winters,False,False,True
233,Zayd.Yoder@example.com,259-388-7717,New York,USA,Zayd,Yoder,True,False,True
234,Esmee.Harmon@example.com,271-604-3446,New York,USA,Esmee,Harmon,True,False,True
235,Tamara.Riddle@example.com,481-405-7265,Los Angeles,USA,Tamara,Riddle,True,True,True
236,Gloria.Mason@example.com,495-379-8123,Los Angeles,USA,Gloria,Mason,False,True,False
237,Carter.Coleman@example.com,530-826-1153,San Francisco,USA,Carter,Coleman,False,True,True
238,Ashleigh.Trevino@example.com,621-710-6972,San Francisco,USA,Ashleigh,Trevino,True,False,False
239,Edward.Ayala@example.com,416-337-3343,Montreal,Canada,Edward,Ayala,True,False,True
240,Amira.Lane@example.com,321-569-4426,San Francisco,USA,Amira,Lane,False,False,True
241,Chris.Zimmerman@example.com,371-875-4229,San Diego,USA,Chris,Zimmerman,False,False,True
242,Hazel.Joseph@example.com,272-647-4049,New York,USA,Hazel,Joseph,False,False,True
243,Brogan.Fitzgerald@example.com,955-732-8107,Montreal,Canada,Brogan,Fitzgerald,True,True,False
244,Taylor.Ramos@example.com,833-282-1248,Toronto,Canada,Taylor,Ramos,True,False,True
245,Elsie.Cuevas@example.com,186-536-6820,Montreal,Canada,Elsie,Cuevas,False,True,False
246,Zara.Washington@example.com,679-367-1926,London,United Kingdom,Zara,Washington,False,True,True
247,Douglas.Lozano@example.com,916-136-3366,New York,USA,Douglas,Lozano,False,True,False
248,Bethan.Franco@example.com,317-895-5803,Toronto,Canada,Bethan,Franco,True,False,False
249,Clementine.Whitaker@example.com,193-348-3198,Los Angeles,USA,Clementine,Whitaker,False,False,True
250,Sarah.Mooney@example.com,507-446-1333,Chicago,USA,Sarah,Mooney,True,True,True
251,Grayson.Rasmussen@example.com,312-891-9587,New York,USA,Grayson,Rasmussen,True,False,False
252,Jemima.Leonard@example.com,149-310-5366,Chicago,USA,Jemima,Leonard,False,False,True
253,Oskar.Mccarty@example.com,582-269-7396,London,United Kingdom,Oskar,Mccarty,False,True,True
254,Bonnie.Woods@example.com,104-443-5734,San Francisco,USA,Bonnie,Woods,True,True,True
255,Miriam.Pacheco@example.com,401-464-5796,San Diego,USA,Miriam,Pacheco,True,False,True
256,Zahraa.Villanueva@example.com,130-183-4153,San Francisco,USA,Zahraa,Villanueva,False,False,True
257,Alia.Hess@example.com,735-371-7432,San Diego,USA,Alia,Hess,False,False,True
258,Felicity.Tran@example.com,530-539-9474,San Diego,USA,Felicity,Tran,True,True,False
259,Lily.Chan@example.com,390-911-6534,San Francisco,USA,Lily,Chan,True,True,False
260,Darcey.Robles@example.com,790-759-5249,London,United Kingdom,Darcey,Robles,False,True,False
261,Dulcie.Melendez@example.com,659-843-5422,Barcelona,Spain,Dulcie,Melendez,True,False,True
262,Everly.Cortez@example.com,954-995-1806,Toronto,Canada,Everly,Cortez,True,False,False
263,Tommy.Farmer@example.com,999-431-4584,Toronto,Canada,Tommy,Farmer,True,False,False
264,Maximillian.Atkins@example.com,421-834-8740,Toronto,Canada,Maximillian,Atkins,True,True,False
265,Eddie.Archer@example.com,130-279-8355,San Francisco,USA,Eddie,Archer,False,True,True
266,Gregory.Strong@example.com,952-404-1885,New York,USA,Gregory,Strong,False,True,True
267,Jake.Spencer@example.com,445-216-5918,San Diego,USA,Jake,Spencer,True,True,True
268,Johnny.Ford@example.com,760-126-9651,San Francisco,USA,Johnny,Ford,True,True,True
269,Yusuf.Salazar@example.com,311-351-7403,Toronto,Canada,Yusuf,Salazar,True,False,False
270,Nelson.Huff@example.com,169-619-4582,New York,USA,Nelson,Huff,True,True,True
271,Princess.Schneider@example.com,683-604-6287,Paris,France,Princess,Schneider,True,False,True
272,Findlay.Velasquez@example.com,675-319-8856,Los Angeles,USA,Findlay,Velasquez,True,True,True
273,Georgiana.Horton@example.com,290-200-9393,Los Angeles,USA,Georgiana,Horton,True,False,True
274,Bronte.Riley@example.com,786-291-8203,Toronto,Canada,Bronte,Riley,False,True,False
275,Harriett.Villegas@example.com,329-505-8826,Los Angeles,USA,Harriett,Villegas,True,False,True
276,Bertha.Carter@example.com,708-356-2109,Chicago,USA,Bertha,Carter,True,False,True
277,Fay.Lucas@example.com,436-818-1915,Montreal,Canada,Fay,Lucas,True,True,False
278,Rachael.Sykes@example.com,623-319-1782,San Diego,USA,Rachael,Sykes,False,True,True
279,Annabelle.Atkinson@example.com,494-263-3527,San Francisco,USA,Annabelle,Atkinson,True,False,False
280,Zac.Wagner@example.com,131-396-9743,San Francisco,USA,Zac,Wagner,True,True,True
281,Rosa.Stone@example.com,922-216-4141,Paris,France,Rosa,Stone,False,True,False
282,Elysia.Mata@example.com,111-388-1063,New York,USA,Elysia,Mata,False,True,True
283,Autumn.Hensley@example.com,107-156-5064,New York,USA,Autumn,Hensley,True,True,False
284,Maximilian.Whitney@example.com,804-245-1465,San Francisco,USA,Maximilian,Whitney,True,False,True
285,Lorna.Levy@example.com,809-114-1988,Toronto,Canada,Lorna,Levy,False,True,False
286,Cordelia.Marquez@example.com,636-910-2488,Los Angeles,USA,Cordelia,Marquez,False,True,True
287,Jan.Daniels@example.com,305-449-8274,Montreal,Canada,Jan,Daniels,True,False,True
288,Donald.Dale@example.com,995-494-7868,San Francisco,USA,Donald,Dale,False,False,True
289,Adele.Cantrell@example.com,264-319-7312,New York,USA,Adele,Cantrell,True,False,True
290,Brenda.Ingram@example.com,919-358-6885,Montreal,Canada,Brenda,Ingram,True,True,True
291,Brooklyn.Gamble@example.com,187-138-7951,Chicago,USA,Brooklyn,Gamble,False,True,True
292,Anya.Bray@example.com,396-900-5179,Toronto,Canada,Anya,Bray,False,True,False
293,Oliwia.Dominguez@example.com,161-309-1110,San Diego,USA,Oliwia,Dominguez,False,True,True
294,Faizan.Hill@example.com,572-649-5353,San Francisco,USA,Faizan,Hill,True,False,False
295,Maisy.Clark@example.com,966-801-8945,San Diego,USA,Maisy,Clark,True,True,False
296,Steven.Reid@example.com,490-977-4025,San Francisco,USA,Steven,Reid,True,False,True
297,Ayesha.O'Reilly@example.com,273-616-5739,San Diego,USA,Ayesha,O'Reilly,False,True,False
298,Chanel.Lang@example.com,284-895-4854,San Francisco,USA,Chanel,Lang,False,True,True
299,Aadam.Browning@example.com,702-276-7562,San Francisco,USA,Aadam,Browning,True,True,True
300,Danny.Knapp@example.com,665-657-4948,Los Angeles,USA,Danny,Knapp,True,True,True
301,Huda.Rogers@example.com,714-169-1009,New York,USA,Huda,Rogers,False,False,True
302,Ellena.Ramsey@example.com,639-267-5334,San Diego,USA,Ellena,Ramsey,False,False,True
303,Nikita.Marquez@example.com,492-815-1793,Montreal,Canada,Nikita,Marquez,True,False,False
304,Siena.Stanton@example.com,247-260-7851,Chicago,USA,Siena,Stanton,True,True,True
305,Doris.Griffith@example.com,839-124-9420,San Francisco,USA,Doris,Griffith,False,True,True
306,Libbie.Swanson@example.com,176-108-4411,Chicago,USA,Libbie,Swanson,False,True,False
307,Rebekah.Shaw@example.com,531-380-1711,Chicago,USA,Rebekah,Shaw,True,False,True
308,Noah.Benton@example.com,936-522-1085,Los Angeles,USA,Noah,Benton,False,True,True
309,Barnaby.Payne@example.com,140-296-7511,London,United Kingdom,Barnaby,Payne,True,False,False
310,Aya.Hoover@example.com,640-104-6782,Chicago,USA,Aya,Hoover,True,True,True
311,Mariam.Campos@example.com,102-916-1394,San Diego,USA,Mariam,Campos,False,True,False
312,Marissa.Rubio@example.com,400-815-9011,Chicago,USA,Marissa,Rubio,False,True,True
313,Alice.Nielsen@example.com,988-763-8894,Chicago,USA,Alice,Nielsen,False,False,True
314,Neve.Hendrix@example.com,965-871-6717,Chicago,USA,Neve,Hendrix,False,True,True
315,Kiara.Sosa@example.com,982-969-2499,Los Angeles,USA,Kiara,Sosa,True,False,False
316,Mathilda.Abbott@example.com,893-420-4063,New York,USA,Mathilda,Abbott,False,False,True
317,Bessie.Cuevas@example.com,629-379-6872,Toronto,Canada,Bessie,Cuevas,True,True,False
318,Mario.Luna@example.com,547-624-3479,Toronto,Canada,Mario,Luna,True,True,True
319,Tess.Short@example.com,990-918-2059,Los Angeles,USA,Tess,Short,True,False,True
320,Liberty.Stephenson@example.com,613-740-5020,San Francisco,USA,Liberty,Stephenson,True,False,False
321,Leena.Castillo@example.com,648-845-8799,San Francisco,USA,Leena,Castillo,False,False,True
322,Melissa.Harding@example.com,614-765-9511,San Francisco,USA,Melissa,Harding,True,False,False
323,Seren.Rocha@example.com,880-236-4632,Toronto,Canada,Seren,Rocha,False,True,False
324,Thea.Hamilton@example.com,868-547-6826,Montreal,Canada,Thea,Hamilton,True,True,True
325,Matilda.Griffin@example.com,176-758-4552,Toronto,Canada,Matilda,Griffin,True,True,False
326,Archibald.Melendez@example.com,553-482-8315,Chicago,USA,Archibald,Melendez,True,True,False
327,Oliver.Sanford@example.com,628-646-1375,Toronto,Canada,Oliver,Sanford,True,True,False
328,Otis.Pittman@example.com,563-494-9026,San Diego,USA,Otis,Pittman,True,True,True
329,Rory.Bartlett@example.com,429-411-4734,San Diego,USA,Rory,Bartlett,True,True,False
330,Abubakar.Shaffer@example.com,404-849-9394,Barcelona,Spain,Abubakar,Shaffer,True,False,False
331,Lia.Hudson@example.com,671-560-5008,San Francisco,USA,Lia,Hudson,True,True,False
332,Gertrude.Huffman@example.com,148-739-3707,San Diego,USA,Gertrude,Huffman,False,True,False
333,Tamzin.Hernandez@example.com,657-945-1077,Chicago,USA,Tamzin,Hernandez,True,False,True
334,Elisabeth.Tran@example.com,363-441-2226,London,United Kingdom,Elisabeth,Tran,True,False,True
335,Aaminah.Daniel@example.com,877-314-7868,New York,USA,Aaminah,Daniel,True,True,True
336,Katrina.Foster@example.com,497-544-5065,London,United Kingdom,Katrina,Foster,True,True,False
337,Xavier.Mcguire@example.com,329-569-7858,San Francisco,USA,Xavier,Mcguire,False,False,True
338,Patricia.John@example.com,338-345-6084,Barcelona,Spain,Patricia,John,False,False,True
339,Sahil.Lyons@example.com,494-702-9881,Montreal,Canada,Sahil,Lyons,True,False,True
340,Lilly-Rose.Richards@example.com,264-213-8415,New York,USA,Lilly-Rose,Richards,True,True,True
341,Alexandros.Green@example.com,725-427-2794,San Diego,USA,Alexandros,Green,False,True,False
342,Alfred.Stuart@example.com,713-145-1454,Los Angeles,USA,Alfred,Stuart,False,False,True
343,Taha.Carroll@example.com,368-154-2650,Chicago,USA,Taha,Carroll,True,True,False
344,Randy.Edwards@example.com,935-107-2953,Barcelona,Spain,Randy,Edwards,False,True,False
345,Hannah.Zuniga@example.com,515-268-3667,Chicago,USA,Hannah,Zuniga,True,True,True
346,Caiden.Kaufman@example.com,805-349-3127,Montreal,Canada,Caiden,Kaufman,False,False,True
347,Jemma.Greer@example.com,220-752-3577,San Francisco,USA,Jemma,Greer,False,False,True
348,Alistair.Moore@example.com,358-489-3754,Los Angeles,USA,Alistair,Moore,False,True,True
349,Rachael.Shields@example.com,557-384-9605,New York,USA,Rachael,Shields,True,True,True
350,Jed.Myers@example.com,920-927-4758,San Francisco,USA,Jed,Myers,False,False,True
351,Keaton.Ortiz@example.com,676-716-9033,San Diego,USA,Keaton,Ortiz,False,True,True
352,Maliha.Hood@example.com,296-552-6256,San Diego,USA,Maliha,Hood,False,False,True
353,Jennie.Monroe@example.com,613-385-2077,Montreal,Canada,Jennie,Monroe,False,False,True
354,Sharon.Rojas@example.com,901-513-9962,New York,USA,Sharon,Rojas,False,True,False
355,Dawid.Lozano@example.com,410-788-9917,Toronto,Canada,Dawid,Lozano,False,True,False
356,Romeo.Martin@example.com,834-460-4855,Toronto,Canada,Romeo,Martin,False,True,True
357,Nikhil.Peck@example.com,395-769-3300,Chicago,USA,Nikhil,Peck,False,True,True
358,Sadie.Hammond@example.com,799-609-4421,Barcelona,Spain,Sadie,Hammond,True,True,False
359,Jayden.Meyers@example.com,233-480-8798,San Diego,USA,Jayden,Meyers,True,False,False
360,Judy.Clayton@example.com,757-533-4647,Paris,France,Judy,Clayton,True,True,False
361,Joel.Baldwin@example.com,161-534-8719,San Diego,USA,Joel,Baldwin,False,False,True
362,Fletcher.Moreno@example.com,228-202-6360,San Francisco,USA,Fletcher,Moreno,True,False,False
363,Layton.Suarez@example.com,909-218-5658,San Francisco,USA,Layton,Suarez,True,False,False
364,Markus.Weaver@example.com,806-124-5977,Los Angeles,USA,Markus,Weaver,True,False,True
365,Martina.Moran@example.com,641-323-9929,Toronto,Canada,Martina,Moran,False,False,True
366,Maxwell.Lee@example.com,221-138-8090,San Francisco,USA,Maxwell,Lee,False,True,False
367,Eryn.Bowers@example.com,767-372-8468,Chicago,USA,Eryn,Bowers,True,True,True
368,Marie.Hughes@example.com,918-588-9531,New York,USA,Marie,Hughes,True,True,True
369,Reggie.Strong@example.com,459-645-8476,Toronto,Canada,Reggie,Strong,True,True,True
370,Darcey.Powell@example.com,558-608-9550,San Diego,USA,Darcey,Powell,True,True,False
371,Ismaeel.Roach@example.com,334-436-6254,Los Angeles,USA,Ismaeel,Roach,False,True,True
372,Holly.Gillespie@example.com,537-653-7820,New York,USA,Holly,Gillespie,False,True,True
373,Robbie.Paul@example.com,852-236-4050,Los Angeles,USA,Robbie,Paul,True,False,True
374,Sara.Harris@example.com,549-750-2047,San Francisco,USA,Sara,Harris,True,True,False
375,Brandon.Rangel@example.com,417-706-8052,New York,USA,Brandon,Rangel,True,True,False
376,Saskia.Glover@example.com,883-302-1765,Los Angeles,USA,Saskia,Glover,False,True,True
377,Phyllis.Gill@example.com,821-675-4190,Los Angeles,USA,Phyllis,Gill,False,True,False
378,Junior.Mcgowan@example.com,820-164-6757,San Francisco,USA,Junior,Mcgowan,True,False,False
379,Leanne.Cordova@example.com,514-225-7453,Paris,France,Leanne,Cordova,False,False,True
380,James.Warner@example.com,839-312-5829,Toronto,Canada,James,Warner,False,True,False
381,Elsa.Hebert@example.com,389-739-1832,Los Angeles,USA,Elsa,Hebert,False,True,False
382,Zachery.Snow@example.com,354-295-2894,Toronto,Canada,Zachery,Snow,False,True,False
383,Owen.Michael@example.com,178-910-8863,Toronto,Canada,Owen,Michael,False,True,False
384,Fraser.Hooper@example.com,228-636-9031,New York,USA,Fraser,Hooper,False,True,False
385,Olivia.Slater@example.com,618-239-1471,Los Angeles,USA,Olivia,Slater,True,True,True
386,Gregory.Mcgrath@example.com,284-161-5702,San Francisco,USA,Gregory,Mcgrath,False,False,True
387,Jesse.Perry@example.com,711-621-8470,New York,USA,Jesse,Perry,False,True,True
388,Yousef.Andrews@example.com,532-910-6535,Los Angeles,USA,Yousef,Andrews,True,True,False
389,Levi.Hoffman@example.com,442-352-9243,London,United Kingdom,Levi,Hoffman,True,True,False
390,Camilla.Wells@example.com,149-482-9546,London,United Kingdom,Camilla,Wells,True,False,True
391,Laiba.Knapp@example.com,311-460-4985,New York,USA,Laiba,Knapp,False,True,False
392,Kyle.Joseph@example.com,499-600-6164,Toronto,Canada,Kyle,Joseph,True,False,True
393,Timothy.Jacobs@example.com,105-356-5519,Barcelona,Spain,Timothy,Jacobs,True,False,True
394,Guy.Osborn@example.com,990-686-6129,San Francisco,USA,Guy,Osborn,False,False,True
395,Maxim.Romero@example.com,398-796-6242,San Diego,USA,Maxim,Romero,False,False,True
396,Penny.Hanson@example.com,853-297-6593,Toronto,Canada,Penny,Hanson,False,False,True
397,Zaynab.Salas@example.com,696-692-1941,San Diego,USA,Zaynab,Salas,False,True,False
398,Myrtle.Lewis@example.com,727-289-2785,London,United Kingdom,Myrtle,Lewis,True,True,True
399,Nathan.Pearce@example.com,161-192-5834,Los Angeles,USA,Nathan,Pearce,True,True,True
400,Joanna.Durham@example.com,302-863-6548,Los Angeles,USA,Joanna,Durham,False,True,False
401,Gloria.Quinn@example.com,225-175-9968,San Diego,USA,Gloria,Quinn,True,False,True
402,Safaa.Lopez@example.com,863-714-5286,Chicago,USA,Safaa,Lopez,True,False,False
403,Tariq.Holman@example.com,734-647-8275,Paris,France,Tariq,Holman,False,True,True
404,Verity.Oneal@example.com,736-555-3571,San Francisco,USA,Verity,Oneal,True,False,True
405,Cecily.Blaese@example.com,234-446-2115,Toronto,Canada,Cecily,Blaese,False,True,True
406,Gideon.Perez@example.com,135-944-5781,Toronto,Canada,Gideon,Perez,True,True,True
407,Trinity.Mora@example.com,406-645-2610,Toronto,Canada,Trinity,Mora,True,False,False
408,Adnan.Moore@example.com,132-644-9432,San Francisco,USA,Adnan,Moore,False,True,False
409,Aleksander.Durham@example.com,582-306-5689,New York,USA,Aleksander,Durham,True,True,True
410,Findlay.O'Quinn@example.com,605-713-8734,Los Angeles,USA,Findlay,O'Quinn,True,False,False
411,Candice.Hooper@example.com,382-506-1338,Toronto,Canada,Candice,Hooper,True,True,True
412,Omar.Clements@example.com,998-234-1057,Barcelona,Spain,Omar,Clements,False,False,True
413,Charlotte.Trevino@example.com,110-715-4620,New York,USA,Charlotte,Trevino,True,True,False
414,Ahmed.Mcpherson@example.com,797-300-1323,Los Angeles,USA,Ahmed,Mcpherson,True,False,False
415,Christopher.Pollard@example.com,915-743-9764,San Diego,USA,Christopher,Pollard,True,True,True
416,Emilie.Mckee@example.com,270-914-6681,San Francisco,USA,Emilie,Mckee,True,True,False
417,Sufyaan.Gonzales@example.com,729-767-8923,San Diego,USA,Sufyaan,Gonzales,True,True,True
418,Kian.Stephens@example.com,820-881-5658,Chicago,USA,Kian,Stephens,True,True,True
419,Celine.Calderon@example.com,110-293-2276,San Diego,USA,Celine,Calderon,False,True,False
420,Pablo.Benton@example.com,918-474-3062,London,United Kingdom,Pablo,Benton,True,False,False
421,Juliet.Gordon@example.com,647-601-9488,San Diego,USA,Juliet,Gordon,True,False,False
422,Ruby.Reid@example.com,877-977-4677,San Francisco,USA,Ruby,Reid,False,True,False
423,Haaris.Blevins@example.com,790-597-2437,Chicago,USA,Haaris,Blevins,False,True,False
424,Carol.Bean@example.com,168-263-3805,San Francisco,USA,Carol,Bean,True,False,False
425,Ines.Davis@example.com,238-215-9099,San Francisco,USA,Ines,Davis,False,False,True
426,Bill.Chen@example.com,264-895-1912,Toronto,Canada,Bill,Chen,True,True,True
427,Lola.Vaughan@example.com,722-400-6707,Paris,France,Lola,Vaughan,False,False,True
428,Abi.Montgomery@example.com,904-933-1987,Montreal,Canada,Abi,Montgomery,False,False,True
429,Mike.Hurst@example.com,488-247-6930,Montreal,Canada,Mike,Hurst,False,True,True
430,Huw.Pearson@example.com,505-476-1251,San Diego,USA,Huw,Pearson,False,True,False
431,Alannah.Vaughn@example.com,942-130-5841,San Francisco,USA,Alannah,Vaughn,True,False,False
432,Camilla.Huff@example.com,943-976-4626,San Francisco,USA,Camilla,Huff,True,False,True
433,Angelo.Manning@example.com,182-351-6749,Toronto,Canada,Angelo,Manning,True,False,False
434,Enzo.Hess@example.com,359-874-3781,Los Angeles,USA,Enzo,Hess,True,False,True
435,Jorge.Hebert@example.com,301-526-9714,Los Angeles,USA,Jorge,Hebert,False,False,True
436,Alan.Burton@example.com,795-682-8733,San Francisco,USA,Alan,Burton,True,False,False
437,Harvey.Rios@example.com,439-940-5960,Los Angeles,USA,Harvey,Rios,True,True,False
438,Leslie.Harrington@example.com,170-517-1270,Chicago,USA,Leslie,Harrington,True,True,False
439,Leona.Daugherty@example.com,815-288-7354,Montreal,Canada,Leona,Daugherty,True,True,True
440,Dean.Koch@example.com,510-682-8416,San Francisco,USA,Dean,Koch,False,False,True
441,Conrad.Hanna@example.com,934-954-3387,San Diego,USA,Conrad,Hanna,False,True,True
442,Lenny.Hardy@example.com,618-571-1851,Toronto,Canada,Lenny,Hardy,False,True,True
443,Miguel.Guerrero@example.com,542-618-4471,San Francisco,USA,Miguel,Guerrero,True,True,True
444,Karina.Mata@example.com,428-919-4395,San Francisco,USA,Karina,Mata,True,True,False
445,Marco.Fletcher@example.com,196-551-2162,Los Angeles,USA,Marco,Fletcher,True,True,False
446,Julius.Marquez@example.com,189-235-8167,Montreal,Canada,Julius,Marquez,False,True,True
447,Lucy.Livingston@example.com,528-980-5732,San Diego,USA,Lucy,Livingston,True,False,True
448,Amna.Garner@example.com,157-518-8037,Paris,France,Amna,Garner,True,True,True
449,Raja.Hull@example.com,209-644-4005,Toronto,Canada,Raja,Hull,True,False,True
450,Rio.Suarez@example.com,304-182-8487,Paris,France,Rio,Suarez,False,True,True
451,Amie.Lin@example.com,153-814-9880,New York,USA,Amie,Lin,True,False,True
452,Iqra.Kelly@example.com,319-337-5741,Los Angeles,USA,Iqra,Kelly,True,True,True
453,Kiran.Barr@example.com,755-593-9023,New York,USA,Kiran,Barr,False,True,False
454,Zuzanna.Moody@example.com,727-221-6352,San Diego,USA,Zuzanna,Moody,False,True,True
455,Margaret.Woods@example.com,693-338-9657,Chicago,USA,Margaret,Woods,False,False,True
456,Larry.Clay@example.com,151-494-2927,Montreal,Canada,Larry,Clay,False,True,False
457,Ffion.Brandt@example.com,560-197-4771,San Diego,USA,Ffion,Brandt,False,False,True
458,Taha.Torres@example.com,685-146-7547,Los Angeles,USA,Taha,Torres,False,True,False
459,Hector.Lam@example.com,784-605-2200,Los Angeles,USA,Hector,Lam,True,False,True
460,Demi.Dennis@example.com,429-374-1894,Los Angeles,USA,Demi,Dennis,False,True,False
461,Leila.Hawkins@example.com,970-992-9362,Los Angeles,USA,Leila,Hawkins,False,True,False
462,Junior.Schwartz@example.com,543-252-9069,San Francisco,USA,Junior,Schwartz,False,True,True
463,Tristan.Lambert@example.com,125-567-3504,San Diego,USA,Tristan,Lambert,True,True,True
464,Liliana.Carpenter@example.com,769-403-7834,New York,USA,Liliana,Carpenter,False,True,False
465,Karen.Robles@example.com,144-367-7871,Barcelona,Spain,Karen,Robles,False,False,True
466,Charis.Cotton@example.com,598-771-1224,Toronto,Canada,Charis,Cotton,False,False,True
467,Zubair.Sheppard@example.com,845-425-4523,San Francisco,USA,Zubair,Sheppard,True,True,True
468,Cassie.Gaines@example.com,496-692-2413,Paris,France,Cassie,Gaines,False,True,True
469,Zohaib.Preston@example.com,575-540-7871,San Francisco,USA,Zohaib,Preston,False,True,False
470,Kyla.Brennan@example.com,440-863-6538,Toronto,Canada,Kyla,Brennan,False,False,True
471,Amira.Mueller@example.com,445-867-4511,San Francisco,USA,Amira,Mueller,False,True,False
472,Colby.Baxter@example.com,584-747-3867,Los Angeles,USA,Colby,Baxter,True,False,False
473,Hayden.Lucas@example.com,527-308-6637,Montreal,Canada,Hayden,Lucas,True,False,True
474,Willard.Gray@example.com,894-914-4304,Paris,France,Willard,Gray,True,True,True
475,Sophie.Lindsey@example.com,392-864-7558,Paris,France,Sophie,Lindsey,False,False,True
476,Sabrina.Becker@example.com,895-364-8107,Toronto,Canada,Sabrina,Becker,True,False,False
477,Dillon.Cisneros@example.com,304-384-6230,Paris,France,Dillon,Cisneros,True,True,True
478,Alejandro.Ali@example.com,685-467-9906,San Francisco,USA,Alejandro,Ali,False,False,True
479,Terence.Rosales@example.com,298-641-6696,Toronto,Canada,Terence,Rosales,False,True,True
480,Abu.Miranda@example.com,615-102-4849,Los Angeles,USA,Abu,Miranda,False,True,True
481,Sophia.Randolph@example.com,972-667-2372,New York,USA,Sophia,Randolph,True,True,False
482,Ahmad.Patrick@example.com,875-486-1626,Toronto,Canada,Ahmad,Patrick,True,True,False
483,Christine.Davenport@example.com,168-853-2168,Montreal,Canada,Christine,Davenport,False,True,False
484,Lowri.Brady@example.com,116-274-4785,Toronto,Canada,Lowri,Brady,True,True,False
485,Ashley.Cain@example.com,679-244-6655,London,United Kingdom,Ashley,Cain,False,False,True
486,Andre.Le@example.com,583-114-3994,San Francisco,USA,Andre,Le,True,False,False
487,Bernard.Moran@example.com,863-265-3242,San Francisco,USA,Bernard,Moran,False,True,False
488,Jenson.Carlson@example.com,282-249-3068,Paris,France,Jenson,Carlson,True,True,True
489,Khadija.Dunlap@example.com,752-472-1641,San Francisco,USA,Khadija,Dunlap,True,False,True
490,Rhonda.Coffey@example.com,473-420-4500,San Francisco,USA,Rhonda,Coffey,False,True,True
491,Ehsan.Anthony@example.com,364-687-4749,San Francisco,USA,Ehsan,Anthony,False,False,True
492,Haider.Mcguire@example.com,719-649-9057,New York,USA,Haider,Mcguire,False,False,True
493,Jazmine.Harper@example.com,956-324-6086,Los Angeles,USA,Jazmine,Harper,False,True,True
494,Bryan.Caldwell@example.com,161-104-1451,San Francisco,USA,Bryan,Caldwell,False,False,True
495,Sandra.Bowman@example.com,190-234-9749,Los Angeles,USA,Sandra,Bowman,True,True,True
496,Micheal.Maldonado@example.com,895-850-8289,London,United Kingdom,Micheal,Maldonado,False,False,True
497,Arjun.Mccarthy@example.com,152-255-3479,Los Angeles,USA,Arjun,Mccarthy,True,False,False
498,Keisha.Norris@example.com,117-850-3045,New York,USA,Keisha,Norris,True,True,False
499,Harris.Mack@example.com,633-338-5745,New York,USA,Harris,Mack,False,True,False
500,Alexandra.Young@example.com,425-414-7823,Barcelona,Spain,Alexandra,Young,True,False,True
501,Nannie.Carr@example.com,175-709-3929,San Francisco,USA,Nannie,Carr,True,False,True
502,Imran.Page@example.com,203-209-8114,Montreal,Canada,Imran,Page,False,True,True
503,Jim.Moses@example.com,560-446-1279,London,United Kingdom,Jim,Moses,False,True,False
504,Anjali.Peck@example.com,703-497-6452,San Diego,USA,Anjali,Peck,False,True,False
505,Bessie.Conley@example.com,128-912-7282,London,United Kingdom,Bessie,Conley,False,True,False
506,Jude.Manning@example.com,705-992-3397,New York,USA,Jude,Manning,True,True,True
507,Bridget.Oneill@example.com,349-116-7728,San Francisco,USA,Bridget,Oneill,True,False,False
508,Brooke.Barron@example.com,715-588-5341,Chicago,USA,Brooke,Barron,False,True,False
509,Lukas.Howard@example.com,846-508-8212,Chicago,USA,Lukas,Howard,True,False,True
510,Kaya.Jacobson@example.com,870-909-4612,San Francisco,USA,Kaya,Jacobson,True,False,False
511,Kitty.Carroll@example.com,305-617-1384,San Diego,USA,Kitty,Carroll,False,True,False
512,Khadijah.Little@example.com,258-211-4243,San Diego,USA,Khadijah,Little,True,True,False
513,Scarlett.Bradley@example.com,841-963-6257,San Diego,USA,Scarlett,Bradley,False,True,False
514,Willard.Odling@example.com,156-301-8459,Chicago,USA,Willard,Odling,True,False,True
515,Gerald.Carver@example.com,658-867-4112,Los Angeles,USA,Gerald,Carver,False,False,True
516,Kate.Key@example.com,336-283-3896,San Francisco,USA,Kate,Key,False,True,True
517,Danielle.Lester@example.com,427-342-5497,San Francisco,USA,Danielle,Lester,True,True,False
518,Mabel.Pace@example.com,752-347-2146,Los Angeles,USA,Mabel,Pace,False,True,True
519,Eoin.Fields@example.com,507-766-7432,Los Angeles,USA,Eoin,Fields,True,False,False
520,Henry.Holloway@example.com,760-481-5035,San Francisco,USA,Henry,Holloway,False,False,True
521,Khalid.Mclaughlin@example.com,140-879-1467,San Francisco,USA,Khalid,Mclaughlin,True,False,False
522,Umar.Guerrero@example.com,207-890-3313,San Francisco,USA,Umar,Guerrero,True,True,True
523,Ameera.Kirby@example.com,611-776-9890,London,United Kingdom,Ameera,Kirby,True,False,True
524,Emre.Everett@example.com,986-281-7506,San Francisco,USA,Emre,Everett,False,True,True
525,Aidan.Mcmahon@example.com,896-647-2628,New York,USA,Aidan,Mcmahon,True,True,True
526,Tara.Brewer@example.com,114-507-5478,New York,USA,Tara,Brewer,False,True,False
527,Layton.Cisneros@example.com,624-631-4459,San Francisco,USA,Layton,Cisneros,True,False,False
528,Md.Booker@example.com,544-944-1609,New York,USA,Md,Booker,True,False,True
529,Lawrence.Simon@example.com,305-708-6970,San Diego,USA,Lawrence,Simon,False,True,False
530,Isobelle.Davidson@example.com,237-295-4490,San Francisco,USA,Isobelle,Davidson,False,True,False
531,Jake.Salazar@example.com,250-705-1154,San Francisco,USA,Jake,Salazar,True,False,False
532,Lawson.Levine@example.com,785-936-5286,San Francisco,USA,Lawson,Levine,True,True,True
533,Joshua.Holt@example.com,993-541-7464,New York,USA,Joshua,Holt,False,True,True
534,Ada.Walsh@example.com,391-963-8942,San Francisco,USA,Ada,Walsh,False,False,True
535,Carolyn.Pittman@example.com,451-215-7038,New York,USA,Carolyn,Pittman,True,False,False
536,Orla.Monroe@example.com,200-722-3778,Toronto,Canada,Orla,Monroe,False,True,True
537,Bronwyn.Hanna@example.com,763-469-4049,Toronto,Canada,Bronwyn,Hanna,True,False,False
538,Tristan.Valdez@example.com,109-614-1639,Los Angeles,USA,Tristan,Valdez,True,True,False
539,Ruth.Stone@example.com,429-930-9178,Montreal,Canada,Ruth,Stone,True,True,False
540,Savannah.Boone@example.com,159-573-6793,Los Angeles,USA,Savannah,Boone,True,True,True
541,Elysia.Schaefer@example.com,264-321-9679,Montreal,Canada,Elysia,Schaefer,True,False,True
542,Moses.O'Gallagher@example.com,303-406-9507,Chicago,USA,Moses,O'Gallagher,True,False,False
543,Esme.Krueger@example.com,173-138-2227,Toronto,Canada,Esme,Krueger,True,True,False
544,Millie.Yates@example.com,673-424-3380,Chicago,USA,Millie,Yates,True,True,False
545,Valentina.Cross@example.com,142-486-2939,Los Angeles,USA,Valentina,Cross,True,True,False
546,Lenny.Patrick@example.com,109-247-6898,San Francisco,USA,Lenny,Patrick,True,True,False
547,Ty.Serrano@example.com,901-570-7400,San Francisco,USA,Ty,Serrano,False,True,False
548,Katherine.Whitehead@example.com,416-889-9840,Los Angeles,USA,Katherine,Whitehead,True,True,True
549,Danny.Tate@example.com,574-779-9113,San Diego,USA,Danny,Tate,True,False,False
550,Prince.Sharp@example.com,886-278-8764,Montreal,Canada,Prince,Sharp,False,True,True
551,Donovan.Evans@example.com,729-134-2962,Montreal,Canada,Donovan,Evans,False,True,False
552,Daniel.Reid@example.com,753-936-1634,Paris,France,Daniel,Reid,True,False,False
553,Rajan.Fletcher@example.com,443-159-6306,Chicago,USA,Rajan,Fletcher,True,False,True
554,Tyrell.Holman@example.com,582-574-4299,San Francisco,USA,Tyrell,Holman,False,True,True
555,Ammar.Floyd@example.com,960-107-6796,New York,USA,Ammar,Floyd,False,True,True
556,Zayn.Webb@example.com,561-761-7547,New York,USA,Zayn,Webb,True,False,True
557,Wilbur.Valentine@example.com,718-283-9417,San Francisco,USA,Wilbur,Valentine,True,True,True
558,Clementine.Sloan@example.com,480-906-3761,Chicago,USA,Clementine,Sloan,True,True,False
559,Cecilia.Edwards@example.com,941-963-8256,London,United Kingdom,Cecilia,Edwards,True,True,True
560,Aled.Harris@example.com,924-132-3783,San Diego,USA,Aled,Harris,False,True,True
561,Miya.Warner@example.com,204-288-1980,Los Angeles,USA,Miya,Warner,False,False,True
562,Marjorie.Morrison@example.com,642-203-8931,San Francisco,USA,Marjorie,Morrison,True,False,False
563,Safaa.Sharpe@example.com,648-955-3738,San Francisco,USA,Safaa,Sharpe,False,False,True
564,Craig.Mcknight@example.com,634-813-9351,Chicago,USA,Craig,Mcknight,True,False,True
565,Alice.Huber@example.com,190-538-3053,Chicago,USA,Alice,Huber,False,False,True
566,Cruz.Neal@example.com,732-513-2567,Chicago,USA,Cruz,Neal,False,False,True
567,Macy.King@example.com,475-826-7209,Montreal,Canada,Macy,King,True,False,False
568,Zaki.Mcpherson@example.com,344-278-2013,San Francisco,USA,Zaki,Mcpherson,True,False,True
569,Magnus.Mcneil@example.com,125-993-7660,San Francisco,USA,Magnus,Mcneil,False,True,True
570,Vinnie.Schwartz@example.com,790-948-7013,San Diego,USA,Vinnie,Schwartz,False,False,True
571,Keelan.Thompson@example.com,254-156-9308,San Francisco,USA,Keelan,Thompson,False,True,True
572,Davina.O'Doherty@example.com,330-649-8079,New York,USA,Davina,O'Doherty,True,False,True
573,Arron.Herman@example.com,999-222-5375,San Diego,USA,Arron,Herman,False,False,True
574,Kevin.Sherman@example.com,185-617-6120,Barcelona,Spain,Kevin,Sherman,False,True,False
575,Casper.Padilla@example.com,823-261-2968,San Francisco,USA,Casper,Padilla,True,True,False
576,David.Mcconnell@example.com,967-585-7262,San Francisco,USA,David,Mcconnell,False,True,False
577,Yasin.Rogers@example.com,416-776-3422,San Diego,USA,Yasin,Rogers,False,True,False
578,Demi.Callahan@example.com,713-176-8275,Toronto,Canada,Demi,Callahan,True,False,False
579,Sufyaan.Castillo@example.com,412-479-8766,Montreal,Canada,Sufyaan,Castillo,True,False,True
580,Aayan.Donovan@example.com,476-401-9860,Paris,France,Aayan,Donovan,True,False,True
581,Kamal.Gates@example.com,622-660-1036,Chicago,USA,Kamal,Gates,True,False,False
582,Yusra.Norman@example.com,945-940-4995,Los Angeles,USA,Yusra,Norman,True,False,True
583,Bryony.Stevens@example.com,537-447-5075,New York,USA,Bryony,Stevens,False,False,True
584,Darcy.Jenkins@example.com,705-890-7715,Los Angeles,USA,Darcy,Jenkins,False,True,False
585,Sufyan.Guzman@example.com,125-583-6823,Montreal,Canada,Sufyan,Guzman,False,True,True
586,Casey.Finley@example.com,306-893-4689,London,United Kingdom,Casey,Finley,True,True,True
587,Alina.Odom@example.com,737-828-4041,Chicago,USA,Alina,Odom,True,True,True
588,Miranda.Cain@example.com,377-263-6278,Los Angeles,USA,Miranda,Cain,False,False,True
589,Omari.Gibbs@example.com,524-749-7401,San Diego,USA,Omari,Gibbs,False,False,True
590,Susannah.Kane@example.com,172-773-1455,New York,USA,Susannah,Kane,True,True,True
591,Annalise.Stephens@example.com,853-224-1381,Toronto,Canada,Annalise,Stephens,False,True,True
592,Jamil.Shepherd@example.com,298-276-5058,Toronto,Canada,Jamil,Shepherd,True,True,True
593,Danyal.Lang@example.com,629-875-4423,Toronto,Canada,Danyal,Lang,False,True,True
594,Barry.Reilly@example.com,117-863-9669,Montreal,Canada,Barry,Reilly,False,False,True
595,Archie.Gregory@example.com,945-301-2904,San Diego,USA,Archie,Gregory,True,False,True
596,Hajra.Baxter@example.com,600-542-2254,San Francisco,USA,Hajra,Baxter,True,False,False
597,Earl.Fowler@example.com,648-268-9331,Los Angeles,USA,Earl,Fowler,True,True,False
598,Monica.Bruce@example.com,302-368-5572,Los Angeles,USA,Monica,Bruce,False,True,False
599,Astrid.Delgado@example.com,641-317-3741,London,United Kingdom,Astrid,Delgado,True,True,True
600,Bill.Jacobs@example.com,279-704-9018,San Francisco,USA,Bill,Jacobs,True,False,False
601,Rio.Pennington@example.com,473-123-1959,New York,USA,Rio,Pennington,True,True,True
602,Jazmin.Lopez@example.com,116-866-3838,Los Angeles,USA,Jazmin,Lopez,True,True,True
603,Bilal.Shaffer@example.com,308-774-7278,San Diego,USA,Bilal,Shaffer,False,False,True
604,Elisha.Cobb@example.com,821-536-1739,San Francisco,USA,Elisha,Cobb,False,True,False
605,Earl.Hobbs@example.com,916-866-7237,New York,USA,Earl,Hobbs,False,False,True
606,Bertha.Walsh@example.com,129-506-2067,London,United Kingdom,Bertha,Walsh,True,True,False
607,Bibi.Roberts@example.com,631-796-8801,New York,USA,Bibi,Roberts,True,False,False
608,Rishi.Barron@example.com,331-128-4346,Montreal,Canada,Rishi,Barron,True,True,True
609,Taylor.Leon@example.com,857-418-9149,Paris,France,Taylor,Leon,True,False,False
610,Keira.Herman@example.com,607-258-2059,Los Angeles,USA,Keira,Herman,True,False,False
611,Omari.Richmond@example.com,921-179-3270,San Diego,USA,Omari,Richmond,False,False,True
612,Rabia.Parsons@example.com,244-470-8381,Montreal,Canada,Rabia,Parsons,True,False,False
613,Larissa.Perez@example.com,742-168-6071,London,United Kingdom,Larissa,Perez,True,False,True
614,Ibrahim.Robertson@example.com,603-299-3596,Barcelona,Spain,Ibrahim,Robertson,True,True,True
615,Katelyn.Collins@example.com,878-870-9506,San Diego,USA,Katelyn,Collins,True,False,False
616,Jerry.Whitney@example.com,990-444-7435,San Francisco,USA,Jerry,Whitney,False,True,True
617,Beau.Duran@example.com,797-203-1866,New York,USA,Beau,Duran,True,True,False
618,Janet.Hughes@example.com,194-769-6265,Los Angeles,USA,Janet,Hughes,False,True,False
619,Ria.Ponce@example.com,547-111-1151,Chicago,USA,Ria,Ponce,False,True,False
620,Neo.Lara@example.com,276-319-4768,Toronto,Canada,Neo,Lara,True,True,False
621,Kiana.Carter@example.com,219-142-7516,San Diego,USA,Kiana,Carter,False,True,False
622,Alexa.Baird@example.com,604-771-4056,San Francisco,USA,Alexa,Baird,False,True,False
623,Ronald.Estes@example.com,328-873-2183,Chicago,USA,Ronald,Estes,False,True,False
624,Nia.Adams@example.com,520-550-1148,San Diego,USA,Nia,Adams,True,True,True
625,Diane.Kelly@example.com,219-449-5089,Montreal,Canada,Diane,Kelly,True,True,False
626,Phoenix.Chapman@example.com,791-853-6464,Los Angeles,USA,Phoenix,Chapman,True,True,True
627,Everly.Key@example.com,152-557-5017,New York,USA,Everly,Key,False,True,False
628,Nancy.Stuart@example.com,301-686-1705,Paris,France,Nancy,Stuart,False,True,False
629,Mae.Castro@example.com,714-485-2518,San Francisco,USA,Mae,Castro,False,True,True
630,Harold.Sharpe@example.com,646-622-1082,New York,USA,Harold,Sharpe,True,False,True
631,Brooklyn.Fowler@example.com,933-501-9509,San Francisco,USA,Brooklyn,Fowler,True,True,True
632,Enya.Chen@example.com,266-343-6530,Los Angeles,USA,Enya,Chen,True,True,False
633,Luisa.Fisher@example.com,510-167-1940,San Diego,USA,Luisa,Fisher,False,True,False
634,Elodie.Flores@example.com,565-243-9336,San Francisco,USA,Elodie,Flores,True,False,True
635,Hazel.Yoder@example.com,839-203-3903,London,United Kingdom,Hazel,Yoder,True,False,False
636,Amber.Gonzalez@example.com,884-628-1984,London,United Kingdom,Amber,Gonzalez,False,False,True
637,Juliet.Buck@example.com,499-242-5191,San Francisco,USA,Juliet,Buck,True,True,False
638,Jamie.Berg@example.com,397-515-6866,Los Angeles,USA,Jamie,Berg,False,False,True
639,Stella.Wilkinson@example.com,145-501-4975,Los Angeles,USA,Stella,Wilkinson,True,True,False
640,Nadia.Wyatt@example.com,277-573-9871,San Diego,USA,Nadia,Wyatt,True,True,True
641,Kacie.Morse@example.com,108-917-7237,Toronto,Canada,Kacie,Morse,True,True,True
642,Seth.Walter@example.com,988-932-7592,London,United Kingdom,Seth,Walter,False,True,False
643,Lauren.Ashley@example.com,564-133-8260,London,United Kingdom,Lauren,Ashley,False,True,True
644,Wilfred.Michael@example.com,632-902-2453,Chicago,USA,Wilfred,Michael,False,True,False
645,Gary.Richards@example.com,970-902-7934,Toronto,Canada,Gary,Richards,True,True,False
646,Brittney.Ruiz@example.com,259-940-6592,San Francisco,USA,Brittney,Ruiz,False,True,True
647,Jaxson.Moss@example.com,499-701-5813,San Francisco,USA,Jaxson,Moss,True,True,False
648,Luna.Levy@example.com,855-484-1981,San Francisco,USA,Luna,Levy,True,True,True
649,Zaynah.Wong@example.com,597-835-8978,Paris,France,Zaynah,Wong,True,True,False
650,Cormac.Greer@example.com,722-120-7628,Paris,France,Cormac,Greer,False,True,True
651,Jamil.Maldonado@example.com,424-799-2220,New York,USA,Jamil,Maldonado,True,False,True
652,Dillon.Johnston@example.com,732-904-7872,New York,USA,Dillon,Johnston,False,False,True
653,Lilli.Bowman@example.com,551-867-4367,New York,USA,Lilli,Bowman,False,True,False
654,Dexter.Hartley@example.com,582-489-4208,San Diego,USA,Dexter,Hartley,False,True,False
655,Hari.Everett@example.com,487-669-8884,San Francisco,USA,Hari,Everett,False,True,True
656,Tomos.Velez@example.com,233-661-3978,Los Angeles,USA,Tomos,Velez,True,False,True
657,Abu.Delacruz@example.com,401-411-2184,New York,USA,Abu,Delacruz,True,True,False
658,Syeda.Calhoun@example.com,738-680-1717,Chicago,USA,Syeda,Calhoun,False,False,True
659,Oliwier.Gill@example.com,902-175-4864,San Diego,USA,Oliwier,Gill,True,True,True
660,Zayn.Kaufman@example.com,893-890-8415,Chicago,USA,Zayn,Kaufman,False,True,True
661,Vera.Walker@example.com,516-811-2158,London,United Kingdom,Vera,Walker,False,True,True
662,Anthony.Mccullough@example.com,330-176-2600,Chicago,USA,Anthony,Mccullough,False,False,True
663,Rowan.Acevedo@example.com,223-620-9032,Los Angeles,USA,Rowan,Acevedo,False,True,True
664,Zara.Oconnell@example.com,543-537-6044,Toronto,Canada,Zara,Oconnell,True,False,False
665,Lucia.Cisneros@example.com,470-574-7167,San Francisco,USA,Lucia,Cisneros,True,True,True
666,Julius.Donnelly@example.com,733-325-2658,San Francisco,USA,Julius,Donnelly,True,False,True
667,Theresa.Bentley@example.com,553-407-1049,San Francisco,USA,Theresa,Bentley,True,False,False
668,Joshua.Bonner@example.com,550-710-1849,San Francisco,USA,Joshua,Bonner,False,False,True
669,Abdirahman.Marsh@example.com,653-601-4374,Toronto,Canada,Abdirahman,Marsh,False,True,False
670,Jacob.Patton@example.com,914-260-3945,San Diego,USA,Jacob,Patton,True,True,True
671,Alexander.Terry@example.com,480-560-1876,New York,USA,Alexander,Terry,True,True,True
672,Kane.Huff@example.com,417-611-9319,Chicago,USA,Kane,Huff,False,False,True
673,Sapphire.Hatfield@example.com,564-357-3504,San Francisco,USA,Sapphire,Hatfield,True,True,True
674,Mahir.Cooper@example.com,829-570-7880,San Francisco,USA,Mahir,Cooper,False,False,True
675,Tom.Tapia@example.com,439-227-1780,Chicago,USA,Tom,Tapia,False,False,True
676,Oliwia.Harvey@example.com,143-701-8741,San Francisco,USA,Oliwia,Harvey,False,False,True
677,Kelvin.Hendricks@example.com,767-726-4455,San Diego,USA,Kelvin,Hendricks,True,False,False
678,Mustafa.Mason@example.com,866-179-9539,Los Angeles,USA,Mustafa,Mason,False,True,False
679,Gabriela.Norton@example.com,138-968-6467,Chicago,USA,Gabriela,Norton,True,False,False
680,Esha.Zuniga@example.com,807-517-9078,Los Angeles,USA,Esha,Zuniga,False,True,True
681,Lucas.Burke@example.com,321-512-2703,Toronto,Canada,Lucas,Burke,False,True,True
682,Laura.Valdez@example.com,766-901-1157,Los Angeles,USA,Laura,Valdez,True,True,True
683,Irene.Kim@example.com,946-883-2145,San Francisco,USA,Irene,Kim,False,True,False
684,Raheem.Ellis@example.com,491-961-7709,Chicago,USA,Raheem,Ellis,False,True,True
685,Lisa.Mcclain@example.com,518-968-9659,New York,USA,Lisa,Mcclain,True,False,False
686,Mohamed.Miller@example.com,883-481-7339,San Diego,USA,Mohamed,Miller,True,True,True
687,Thea.Suarez@example.com,647-211-7337,Toronto,Canada,Thea,Suarez,True,True,True
688,Leighton.Crane@example.com,372-753-5586,Los Angeles,USA,Leighton,Crane,False,False,True
689,Kayla.Jones@example.com,579-756-1305,London,United Kingdom,Kayla,Jones,True,True,False
690,Jessie.Noble@example.com,557-354-5286,San Francisco,USA,Jessie,Noble,False,True,False
691,Brett.Landry@example.com,213-171-7560,Barcelona,Spain,Brett,Landry,False,True,False
692,Azaan.Barker@example.com,326-267-7811,New York,USA,Azaan,Barker,True,True,True
693,Jayden.Dunlap@example.com,626-458-8110,New York,USA,Jayden,Dunlap,True,True,False
694,Richard.Pope@example.com,216-184-3684,Los Angeles,USA,Richard,Pope,True,True,True
695,Xander.Levine@example.com,790-969-1579,Toronto,Canada,Xander,Levine,False,True,True
696,Anais.Pineda@example.com,609-304-3412,New York,USA,Anais,Pineda,True,False,False
697,Donald.Horne@example.com,738-911-3567,San Francisco,USA,Donald,Horne,True,True,False
698,Arjun.Dejesus@example.com,693-790-8692,Chicago,USA,Arjun,Dejesus,False,True,False
699,Jonathan.Klein@example.com,495-419-4637,Los Angeles,USA,Jonathan,Klein,False,False,True
700,Dante.Burgess@example.com,222-241-4261,San Diego,USA,Dante,Burgess,True,False,True
701,Tamsin.Stein@example.com,953-386-1321,Los Angeles,USA,Tamsin,Stein,True,True,False
702,Brayden.Patrick@example.com,173-881-1582,Los Angeles,USA,Brayden,Patrick,True,False,True
703,Wade.Hancock@example.com,245-455-9119,London,United Kingdom,Wade,Hancock,True,True,True
704,Nicholas.Thomson@example.com,936-615-3052,Toronto,Canada,Nicholas,Thomson,False,True,False
705,Vincent.Garrison@example.com,598-173-8153,Chicago,USA,Vincent,Garrison,False,True,False
706,Elisha.Garza@example.com,313-206-2033,Los Angeles,USA,Elisha,Garza,True,True,True
707,Muhammad.Henry@example.com,298-612-6847,Paris,France,Muhammad,Henry,True,True,True
708,Enzo.Whitney@example.com,565-709-5636,Chicago,USA,Enzo,Whitney,True,True,True
709,Stacey.Daniel@example.com,246-819-8817,San Diego,USA,Stacey,Daniel,True,False,False
710,Candice.Moyer@example.com,964-229-5609,San Francisco,USA,Candice,Moyer,True,True,False
711,Calvin.Tucker@example.com,338-784-4359,San Diego,USA,Calvin,Tucker,False,True,False
712,Bronte.Mendoza@example.com,323-783-6615,Toronto,Canada,Bronte,Mendoza,True,True,False
713,Ameer.Orr@example.com,993-387-9130,Chicago,USA,Ameer,Orr,True,False,True
714,Isla.Barber@example.com,860-505-2643,Toronto,Canada,Isla,Barber,False,True,False
715,Oliver.Garner@example.com,937-976-2511,Paris,France,Oliver,Garner,False,True,True
716,Barnaby.Wagner@example.com,974-500-4168,Montreal,Canada,Barnaby,Wagner,False,False,True
717,Barry.Taylor@example.com,999-341-2797,San Francisco,USA,Barry,Taylor,False,False,True
718,Esme.Reeves@example.com,151-285-9583,Chicago,USA,Esme,Reeves,False,False,True
719,Marnie.White@example.com,267-434-1395,San Francisco,USA,Marnie,White,True,False,False
720,Giovanni.Duncan@example.com,679-161-6360,New York,USA,Giovanni,Duncan,False,True,True
721,Hannah.Roman@example.com,331-750-4621,London,United Kingdom,Hannah,Roman,False,True,False
722,Nannie.Hunt@example.com,290-190-1157,Chicago,USA,Nannie,Hunt,True,False,True
723,Yash.Mcleod@example.com,270-525-3291,London,United Kingdom,Yash,Mcleod,True,False,False
724,Mae.Barry@example.com,501-577-5306,London,United Kingdom,Mae,Barry,False,True,False
725,Dylan.York@example.com,832-799-7454,Chicago,USA,Dylan,York,False,True,False
726,Aya.Weeks@example.com,466-888-7144,Toronto,Canada,Aya,Weeks,True,True,False
727,Dawn.Cisneros@example.com,375-337-2745,Toronto,Canada,Dawn,Cisneros,False,False,True
728,Rohan.Figueroa@example.com,542-617-7442,New York,USA,Rohan,Figueroa,True,False,False
729,Abigail.Medina@example.com,857-602-1192,London,United Kingdom,Abigail,Medina,True,False,True
730,Rhodri.Haley@example.com,574-869-4715,London,United Kingdom,Rhodri,Haley,False,True,False
731,Denzel.Black@example.com,677-290-8939,San Francisco,USA,Denzel,Black,True,False,True
732,Sienna.Howard@example.com,835-486-5256,Los Angeles,USA,Sienna,Howard,False,False,True
733,Fahad.Gill@example.com,796-816-9963,Chicago,USA,Fahad,Gill,True,True,False
734,Harun.Clark@example.com,853-267-3048,San Francisco,USA,Harun,Clark,True,False,False
735,Shane.Wheeler@example.com,315-892-7127,Los Angeles,USA,Shane,Wheeler,True,True,False
736,Chantelle.Holt@example.com,256-585-1002,Paris,France,Chantelle,Holt,True,False,True
737,Kiara.Bell@example.com,614-291-6530,San Francisco,USA,Kiara,Bell,True,True,False
738,Gertrude.Mcgrath@example.com,364-150-1035,Toronto,Canada,Gertrude,Mcgrath,True,True,False
739,Lewis.Brooks@example.com,737-205-4525,New York,USA,Lewis,Brooks,False,True,True
740,Khalid.Burke@example.com,973-766-4810,Chicago,USA,Khalid,Burke,False,True,False
741,Millicent.Solomon@example.com,597-434-8108,Paris,France,Millicent,Solomon,False,True,True
742,Kieran.Hoover@example.com,101-165-2021,New York,USA,Kieran,Hoover,True,False,True
743,Wendy.Mcclure@example.com,830-402-9784,San Diego,USA,Wendy,Mcclure,True,False,False
744,Haydn.Ramos@example.com,354-376-9233,Los Angeles,USA,Haydn,Ramos,True,True,False
745,Nettie.Bryan@example.com,274-274-8873,Chicago,USA,Nettie,Bryan,False,False,True
746,Isabelle.Jenkins@example.com,724-444-3001,San Diego,USA,Isabelle,Jenkins,True,True,False
747,Tia.Ali@example.com,507-663-5326,San Francisco,USA,Tia,Ali,True,False,False
748,Montgomery.Davila@example.com,267-999-7224,New York,USA,Montgomery,Davila,True,False,True
749,Tobias.Beltran@example.com,598-751-1029,Chicago,USA,Tobias,Beltran,False,True,True
750,Yusuf.Dickerson@example.com,502-896-9441,San Francisco,USA,Yusuf,Dickerson,True,False,False
751,Holly.Dillon@example.com,662-944-2078,San Diego,USA,Holly,Dillon,False,False,True
752,Marwa.Dennis@example.com,444-295-8051,Chicago,USA,Marwa,Dennis,False,True,False
753,Anais.Ball@example.com,802-416-6545,San Diego,USA,Anais,Ball,False,True,True
754,Adem.Kerr@example.com,219-873-6077,Toronto,Canada,Adem,Kerr,False,True,False
755,Amie.Hood@example.com,659-426-4878,Los Angeles,USA,Amie,Hood,True,False,False
756,Herbie.Huber@example.com,562-925-1087,New York,USA,Herbie,Huber,True,True,False
757,Bill.Andersen@example.com,962-770-1270,Toronto,Canada,Bill,Andersen,True,True,False
758,Halima.Maldonado@example.com,831-743-6220,San Francisco,USA,Halima,Maldonado,True,True,False
759,Martina.Steele@example.com,349-841-5113,Paris,France,Martina,Steele,False,False,True
760,Bertie.Cobb@example.com,171-373-6091,San Francisco,USA,Bertie,Cobb,False,False,True
761,Gordon.Morales@example.com,973-462-1199,Chicago,USA,Gordon,Morales,True,False,True
762,Frederick.Everett@example.com,262-696-7077,San Francisco,USA,Frederick,Everett,True,False,True
763,Huda.Crane@example.com,243-321-6881,Toronto,Canada,Huda,Crane,True,False,True
764,Cecily.Escobar@example.com,840-532-1467,New York,USA,Cecily,Escobar,False,False,True
765,Amir.Blackwell@example.com,291-386-7567,San Francisco,USA,Amir,Blackwell,False,False,True
766,Sasha.Berger@example.com,492-295-4570,London,United Kingdom,Sasha,Berger,True,False,False
767,Lina.Trujillo@example.com,351-538-5203,San Francisco,USA,Lina,Trujillo,False,False,True
768,Caleb.Obrien@example.com,223-387-1014,Toronto,Canada,Caleb,Obrien,True,True,False
769,Marilyn.Scott@example.com,360-359-2274,San Francisco,USA,Marilyn,Scott,True,True,True
770,Jannat.Landry@example.com,754-634-9309,Los Angeles,USA,Jannat,Landry,True,True,True
771,Kristen.Curry@example.com,473-371-9332,San Francisco,USA,Kristen,Curry,False,False,True
772,Rajan.Dickson@example.com,372-775-6929,San Diego,USA,Rajan,Dickson,True,False,False
773,Luqman.Larson@example.com,100-329-7363,San Francisco,USA,Luqman,Larson,True,True,False
774,Bryan.Powell@example.com,235-538-4936,San Francisco,USA,Bryan,Powell,True,False,False
775,Haider.Lynn@example.com,796-196-9713,San Francisco,USA,Haider,Lynn,False,False,True
776,Jennie.Freeman@example.com,396-732-6980,Chicago,USA,Jennie,Freeman,False,False,True
777,Mohsin.Conley@example.com,979-201-3101,San Francisco,USA,Mohsin,Conley,True,False,False
778,Willow.Buck@example.com,472-603-6198,San Francisco,USA,Willow,Buck,True,True,True
779,Krish.Hutchinson@example.com,405-788-7051,London,United Kingdom,Krish,Hutchinson,True,True,True
780,Madeline.Mann@example.com,441-188-5776,New York,USA,Madeline,Mann,False,True,False
781,Mari.Phillips@example.com,301-646-5827,Los Angeles,USA,Mari,Phillips,False,True,True
782,Paula.West@example.com,345-217-2266,London,United Kingdom,Paula,West,False,True,False
783,Saira.Lewis@example.com,921-562-9790,New York,USA,Saira,Lewis,False,True,False
784,Tiana.Decker@example.com,255-136-3687,London,United Kingdom,Tiana,Decker,False,True,True
785,Kara.Shelton@example.com,837-651-6819,Paris,France,Kara,Shelton,True,True,True
786,Earl.Vargas@example.com,821-464-7474,San Francisco,USA,Earl,Vargas,False,False,True
787,Delilah.Wu@example.com,668-572-6520,Los Angeles,USA,Delilah,Wu,False,True,False
788,Ted.Eaton@example.com,534-915-3617,Paris,France,Ted,Eaton,False,False,True
789,Lloyd.Wise@example.com,521-580-3829,San Francisco,USA,Lloyd,Wise,False,True,False
790,Alex.Alexander@example.com,489-290-8290,San Francisco,USA,Alex,Alexander,True,True,False
791,Aoife.Davidson@example.com,628-333-9139,London,United Kingdom,Aoife,Davidson,True,False,False
792,Emilie.Frye@example.com,193-516-9014,San Francisco,USA,Emilie,Frye,False,True,False
793,Elif.Hopkins@example.com,953-491-9939,New York,USA,Elif,Hopkins,False,True,False
794,Hazel.Watson@example.com,349-725-3565,New York,USA,Hazel,Watson,True,False,True
795,Jonathan.David@example.com,815-636-7913,San Francisco,USA,Jonathan,David,False,False,True
796,Robbie.Hardy@example.com,950-716-3630,Chicago,USA,Robbie,Hardy,True,False,False
797,Lilian.Strickland@example.com,925-438-1993,Toronto,Canada,Lilian,Strickland,True,False,True
798,Brenda.Deleon@example.com,997-981-2043,Paris,France,Brenda,Deleon,False,True,False
799,Richard.Jones@example.com,478-814-3941,San Francisco,USA,Richard,Jones,False,True,True
800,Olivier.Thornton@example.com,401-494-6634,Montreal,Canada,Olivier,Thornton,True,True,True
801,Gabriel.Mccormick@example.com,903-845-9623,New York,USA,Gabriel,Mccormick,False,False,True
802,Eleni.Maxwell@example.com,449-237-4755,San Diego,USA,Eleni,Maxwell,True,False,False
803,Susan.Fowler@example.com,305-117-8580,San Diego,USA,Susan,Fowler,True,True,False
804,Amin.Petersen@example.com,680-177-1233,London,United Kingdom,Amin,Petersen,False,False,True
805,Gareth.Sanford@example.com,161-842-7749,Chicago,USA,Gareth,Sanford,True,False,False
806,Miriam.Stuart@example.com,846-333-2100,Montreal,Canada,Miriam,Stuart,True,True,True
807,Polly.Mendez@example.com,916-453-8696,San Francisco,USA,Polly,Mendez,True,True,False
808,Omer.Kemp@example.com,857-531-3045,San Francisco,USA,Omer,Kemp,True,False,True
809,Abdullahi.Carson@example.com,632-547-8327,Toronto,Canada,Abdullahi,Carson,True,True,True
810,Syed.Mooney@example.com,348-929-4959,San Francisco,USA,Syed,Mooney,False,True,True
811,Dante.Moon@example.com,285-551-6208,New York,USA,Dante,Moon,True,True,True
812,Saad.Ali@example.com,185-189-3978,San Francisco,USA,Saad,Ali,False,True,False
813,Arthur.Hebert@example.com,203-343-2956,New York,USA,Arthur,Hebert,True,False,False
814,Demi.Patel@example.com,703-829-8473,Los Angeles,USA,Demi,Patel,True,False,True
815,Aurora.Andrews@example.com,353-307-2005,San Diego,USA,Aurora,Andrews,False,False,True
816,Albie.Larson@example.com,252-910-3152,Barcelona,Spain,Albie,Larson,True,True,False
817,Renee.Mullen@example.com,185-170-8307,San Diego,USA,Renee,Mullen,True,False,True
818,Alexander.Reid@example.com,842-314-3728,Montreal,Canada,Alexander,Reid,False,True,True
819,Dewey.Lucas@example.com,323-234-9528,San Francisco,USA,Dewey,Lucas,False,True,False
820,Wilbur.Hicks@example.com,979-216-9924,San Diego,USA,Wilbur,Hicks,True,False,False
821,Riley.Fletcher@example.com,522-750-5985,London,United Kingdom,Riley,Fletcher,True,False,False
822,Marissa.Hayes@example.com,365-359-3043,San Francisco,USA,Marissa,Hayes,True,True,True
823,Juliette.Gordon@example.com,424-534-2837,Chicago,USA,Juliette,Gordon,True,False,True
824,Dan.Bates@example.com,944-189-5693,San Francisco,USA,Dan,Bates,False,False,True
825,Chiara.Ho@example.com,279-331-5254,Montreal,Canada,Chiara,Ho,False,True,False
826,Sinead.Montes@example.com,711-829-6800,New York,USA,Sinead,Montes,True,False,False
827,Laurence.Graves@example.com,609-435-5709,Los Angeles,USA,Laurence,Graves,False,False,True
828,Nora.Donaldson@example.com,414-618-5713,San Diego,USA,Nora,Donaldson,True,True,True
829,Ismaeel.Schmidt@example.com,110-478-3409,Los Angeles,USA,Ismaeel,Schmidt,False,True,False
830,Adem.Mccoy@example.com,885-779-4082,San Francisco,USA,Adem,Mccoy,True,True,True
831,Angel.Browning@example.com,768-205-1455,Los Angeles,USA,Angel,Browning,False,False,True
832,Mabel.Foley@example.com,417-857-9143,New York,USA,Mabel,Foley,False,False,True
833,Hayley.Montoya@example.com,672-566-6794,New York,USA,Hayley,Montoya,False,False,True
834,Arnold.Spencer@example.com,962-701-8237,San Francisco,USA,Arnold,Spencer,False,True,True
835,Russell.Carlson@example.com,635-758-7564,San Francisco,USA,Russell,Carlson,True,False,True
836,Sasha.Ponce@example.com,746-650-5343,New York,USA,Sasha,Ponce,True,True,False
837,Izaak.Welsh@example.com,280-473-9965,Los Angeles,USA,Izaak,Welsh,True,True,True
838,Aisha.Sosa@example.com,964-448-9785,New York,USA,Aisha,Sosa,False,True,False
839,Keeley.Mills@example.com,123-972-2938,New York,USA,Keeley,Mills,False,False,True
840,Mason.Kelley@example.com,185-970-1196,San Francisco,USA,Mason,Kelley,True,False,True
841,Khalid.Davies@example.com,191-582-9251,San Francisco,USA,Khalid,Davies,False,False,True
842,Nancy.Blair@example.com,434-174-7916,Toronto,Canada,Nancy,Blair,False,True,True
843,Tiffany.Griffith@example.com,201-302-5165,Paris,France,Tiffany,Griffith,True,False,False
844,Marnie.Sheppard@example.com,576-261-4653,Los Angeles,USA,Marnie,Sheppard,False,False,True
845,Valerie.Bright@example.com,838-333-3237,Los Angeles,USA,Valerie,Bright,False,True,False
846,John.Mason@example.com,768-888-3211,San Diego,USA,John,Mason,True,False,True
847,Hamish.Khan@example.com,609-154-4773,Los Angeles,USA,Hamish,Khan,False,False,True
848,Charis.Bray@example.com,175-925-8526,Los Angeles,USA,Charis,Bray,True,False,True
849,Soraya.Bradford@example.com,951-513-3667,Chicago,USA,Soraya,Bradford,False,False,True
850,Taylor.Woods@example.com,294-365-8364,Chicago,USA,Taylor,Woods,True,True,True
851,Eshal.Carpenter@example.com,918-191-3394,Chicago,USA,Eshal,Carpenter,True,False,True
852,Evelyn.Cross@example.com,312-643-8868,San Francisco,USA,Evelyn,Cross,False,True,False
853,Chester.Bell@example.com,501-541-1518,New York,USA,Chester,Bell,False,True,False
854,Ffion.Knight@example.com,233-159-4158,San Diego,USA,Ffion,Knight,False,True,False
855,Yaseen.Kennedy@example.com,778-172-1502,Chicago,USA,Yaseen,Kennedy,True,True,True
856,Maisie.Cunningham@example.com,389-110-9784,Los Angeles,USA,Maisie,Cunningham,False,True,True
857,Clementine.Beck@example.com,607-793-6646,San Diego,USA,Clementine,Beck,False,True,True
858,Simon.Santiago@example.com,471-290-4198,Paris,France,Simon,Santiago,True,False,True
859,Sameer.Watkins@example.com,982-313-9358,Montreal,Canada,Sameer,Watkins,False,False,True
860,Anton.Hartman@example.com,708-986-9234,London,United Kingdom,Anton,Hartman,True,True,True
861,Deacon.Boone@example.com,950-335-6994,New York,USA,Deacon,Boone,True,True,True
862,Alexandros.Ryan@example.com,849-570-8792,Los Angeles,USA,Alexandros,Ryan,True,True,True
863,Mya.Delgado@example.com,760-931-9269,London,United Kingdom,Mya,Delgado,False,True,False
864,Asia.Holloway@example.com,512-876-7834,Los Angeles,USA,Asia,Holloway,False,False,True
865,Christina.Blanchard@example.com,420-887-3636,New York,USA,Christina,Blanchard,False,False,True
866,Emelia.Bridges@example.com,347-640-5509,San Diego,USA,Emelia,Bridges,True,False,True
867,Ioan.Harrington@example.com,803-120-2281,San Diego,USA,Ioan,Harrington,False,True,False
868,Cecilia.David@example.com,919-925-5280,New York,USA,Cecilia,David,True,True,True
869,Bibi.Weaver@example.com,956-787-2725,Paris,France,Bibi,Weaver,True,True,False
870,Stacey.Manning@example.com,981-952-6391,Los Angeles,USA,Stacey,Manning,True,False,False
871,Ronnie.Burch@example.com,184-620-1928,San Diego,USA,Ronnie,Burch,False,True,True
872,Tomasz.Baker@example.com,778-642-7614,Barcelona,Spain,Tomasz,Baker,True,False,True
873,Luke.Graham@example.com,132-159-2485,San Diego,USA,Luke,Graham,True,False,False
874,Alasdair.Mckinney@example.com,608-300-8331,Montreal,Canada,Alasdair,Mckinney,True,False,True
875,Cayden.Walls@example.com,355-649-8007,San Francisco,USA,Cayden,Walls,True,False,True
876,Serena.Lewis@example.com,730-187-7131,Montreal,Canada,Serena,Lewis,True,True,True
877,Drew.Orozco@example.com,531-709-2553,San Diego,USA,Drew,Orozco,False,True,False
878,Mateo.Francis@example.com,508-390-8347,Los Angeles,USA,Mateo,Francis,False,True,False
879,Lucy.Fuentes@example.com,427-948-5524,New York,USA,Lucy,Fuentes,True,False,True
880,Pippa.Harding@example.com,419-183-4778,Chicago,USA,Pippa,Harding,False,False,True
881,Kathleen.Carter@example.com,210-798-9930,San Francisco,USA,Kathleen,Carter,False,True,False
882,Josie.Holt@example.com,745-483-6160,Los Angeles,USA,Josie,Holt,False,False,True
883,Daniela.James@example.com,716-145-3987,San Francisco,USA,Daniela,James,False,True,False
884,Randy.Sparks@example.com,339-468-1078,New York,USA,Randy,Sparks,False,True,False
885,Omar.Ashley@example.com,156-912-7263,Los Angeles,USA,Omar,Ashley,False,True,False
886,Zachary.Lawson@example.com,655-475-1852,San Diego,USA,Zachary,Lawson,False,False,True
887,Samson.Berger@example.com,815-817-9902,San Francisco,USA,Samson,Berger,True,True,True
888,Liana.Baldwin@example.com,736-366-9050,San Diego,USA,Liana,Baldwin,True,False,False
889,Lucas.Mcdowell@example.com,841-580-6320,Chicago,USA,Lucas,Mcdowell,True,False,True
890,Ahmad.Landry@example.com,207-841-9893,Los Angeles,USA,Ahmad,Landry,False,False,True
891,Cordelia.Serrano@example.com,950-319-1013,London,United Kingdom,Cordelia,Serrano,True,False,True
892,Sydney.Pratt@example.com,297-838-1084,Toronto,Canada,Sydney,Pratt,False,True,True
893,Benjamin.Riddle@example.com,835-645-8652,Toronto,Canada,Benjamin,Riddle,True,False,True
894,Kyran.Foster@example.com,362-464-9875,Chicago,USA,Kyran,Foster,False,True,True
895,Kamil.Guzman@example.com,641-829-6099,San Francisco,USA,Kamil,Guzman,False,True,True
896,Jordanne.Juarez@example.com,376-601-8743,San Francisco,USA,Jordanne,Juarez,False,True,False
897,Zoe.Decker@example.com,197-454-9658,Los Angeles,USA,Zoe,Decker,False,True,True
898,Alana.Koch@example.com,576-828-7913,Barcelona,Spain,Alana,Koch,False,True,True
899,Frankie.Jenkins@example.com,301-409-5419,San Francisco,USA,Frankie,Jenkins,False,False,True
900,Zane.Oconnor@example.com,108-772-5524,Chicago,USA,Zane,Oconnor,False,False,True
901,Lily-May.Horne@example.com,564-761-8451,Los Angeles,USA,Lily-May,Horne,False,True,False
902,Mitchell.Murray@example.com,939-709-6815,San Francisco,USA,Mitchell,Murray,True,True,False
903,Dominik.Velez@example.com,149-740-6115,San Francisco,USA,Dominik,Velez,True,True,False
904,Martin.Perry@example.com,586-420-6418,Paris,France,Martin,Perry,True,True,False
905,Cory.Case@example.com,406-161-3681,London,United Kingdom,Cory,Case,True,False,False
906,Astrid.Miles@example.com,473-411-8478,Paris,France,Astrid,Miles,False,True,True
907,Samia.Bradley@example.com,363-816-6259,San Diego,USA,Samia,Bradley,False,True,True
908,Nataniel.Glenn@example.com,504-112-5228,Los Angeles,USA,Nataniel,Glenn,True,True,True
909,Tyler.Vasquez@example.com,899-668-7177,London,United Kingdom,Tyler,Vasquez,False,True,False
910,Everly.Chaney@example.com,184-294-5435,San Francisco,USA,Everly,Chaney,False,False,True
911,Sapphire.Lane@example.com,847-138-8647,Chicago,USA,Sapphire,Lane,True,True,False
912,Junaid.Fletcher@example.com,677-571-4277,Los Angeles,USA,Junaid,Fletcher,False,True,True
913,Ricardo.Odling@example.com,218-272-9415,New York,USA,Ricardo,Odling,True,True,False
914,Nancy.Sharp@example.com,723-866-1140,Los Angeles,USA,Nancy,Sharp,False,False,True
915,Barry.Buck@example.com,667-391-6777,San Francisco,USA,Barry,Buck,True,True,True
916,Mya.Ho@example.com,448-770-8204,San Francisco,USA,Mya,Ho,False,True,True
917,Carol.Russo@example.com,192-156-9508,Toronto,Canada,Carol,Russo,True,False,True
918,William.Franco@example.com,196-468-3312,Toronto,Canada,William,Franco,True,True,False
919,Ayesha.Underwood@example.com,687-284-9762,San Francisco,USA,Ayesha,Underwood,True,True,True
920,Kamil.Bernard@example.com,400-528-1349,San Francisco,USA,Kamil,Bernard,False,False,True
921,Hollie.Escobar@example.com,978-312-6279,London,United Kingdom,Hollie,Escobar,True,True,True
922,Luisa.Haley@example.com,916-879-3164,Barcelona,Spain,Luisa,Haley,False,True,True
923,Russell.Long@example.com,399-959-7203,Montreal,Canada,Russell,Long,True,True,True
924,Kendra.Francis@example.com,680-603-3144,San Francisco,USA,Kendra,Francis,True,False,False
925,Yasmine.Scott@example.com,300-321-6761,San Diego,USA,Yasmine,Scott,False,False,True
926,Ann.John@example.com,814-362-6094,San Francisco,USA,Ann,John,False,True,True
927,Alejandro.Kent@example.com,915-320-3214,Chicago,USA,Alejandro,Kent,True,True,False
928,Hanna.Knight@example.com,249-198-1689,San Diego,USA,Hanna,Knight,True,True,False
929,Alannah.Perkins@example.com,705-521-6039,Chicago,USA,Alannah,Perkins,True,True,False
930,Christina.Mays@example.com,333-143-8841,San Francisco,USA,Christina,Mays,True,False,True
931,Tori.Rowland@example.com,372-470-9101,San Diego,USA,Tori,Rowland,True,True,False
932,Ayden.Valentine@example.com,208-392-1702,San Francisco,USA,Ayden,Valentine,True,False,True
933,Kaine.Blankenship@example.com,294-274-7917,San Diego,USA,Kaine,Blankenship,True,True,False
934,Alessandro.French@example.com,216-516-1958,San Diego,USA,Alessandro,French,True,False,True
935,Chloe.Mullen@example.com,723-357-7363,New York,USA,Chloe,Mullen,True,False,False
936,Ted.Wiggins@example.com,153-176-3641,San Diego,USA,Ted,Wiggins,True,False,False
937,Nina.Mathews@example.com,863-385-2205,New York,USA,Nina,Mathews,False,True,False
938,Alisha.Hoover@example.com,500-251-7080,San Diego,USA,Alisha,Hoover,True,False,False
939,Alyssa.Bradshaw@example.com,606-353-8050,San Diego,USA,Alyssa,Bradshaw,True,False,True
940,Marilyn.Hart@example.com,635-581-5074,Los Angeles,USA,Marilyn,Hart,True,True,True
941,Connor.Neal@example.com,189-827-7386,Chicago,USA,Connor,Neal,True,False,True
942,Cai.Rowe@example.com,263-391-9368,New York,USA,Cai,Rowe,True,False,True
943,Delores.Carroll@example.com,778-532-2184,Chicago,USA,Delores,Carroll,False,True,False
944,Hiba.Hicks@example.com,640-390-3390,Chicago,USA,Hiba,Hicks,True,True,False
945,Elisha.Owens@example.com,195-699-1871,Los Angeles,USA,Elisha,Owens,False,True,False
946,Lacie.Mayer@example.com,412-562-8215,Toronto,Canada,Lacie,Mayer,True,True,False
947,Isra.Burgess@example.com,142-470-3907,San Diego,USA,Isra,Burgess,True,False,True
948,Kobe.Knapp@example.com,911-288-9695,Los Angeles,USA,Kobe,Knapp,False,True,True
949,Sufyaan.Villanueva@example.com,882-282-1419,Toronto,Canada,Sufyaan,Villanueva,True,False,False
950,Meredith.Reyes@example.com,680-737-7650,New York,USA,Meredith,Reyes,True,False,False
951,Chelsea.Proctor@example.com,256-560-3458,Chicago,USA,Chelsea,Proctor,False,False,True
952,Humaira.Quinn@example.com,623-887-1255,London,United Kingdom,Humaira,Quinn,False,False,True
953,Zaynab.Davila@example.com,767-906-5124,Toronto,Canada,Zaynab,Davila,False,True,False
954,Aston.Villegas@example.com,553-640-6714,Los Angeles,USA,Aston,Villegas,True,False,True
955,Stuart.Clements@example.com,104-221-4124,New York,USA,Stuart,Clements,True,True,True
956,Zakariya.Stuart@example.com,192-776-4957,Los Angeles,USA,Zakariya,Stuart,False,False,True
957,Effie.Jordan@example.com,778-566-2709,San Francisco,USA,Effie,Jordan,False,True,True
958,Luna.Fowler@example.com,137-365-6816,Los Angeles,USA,Luna,Fowler,True,True,True
959,Haydn.Contreras@example.com,694-921-2135,Chicago,USA,Haydn,Contreras,False,True,True
960,Lewis.Mcmahon@example.com,682-426-4872,San Francisco,USA,Lewis,Mcmahon,True,False,False
961,Tobias.Schultz@example.com,995-854-2821,Los Angeles,USA,Tobias,Schultz,False,True,True
962,Isobella.Gilbert@example.com,717-961-9368,Barcelona,Spain,Isobella,Gilbert,True,False,True
963,Billy.Norton@example.com,816-614-5153,Chicago,USA,Billy,Norton,True,False,False
964,Colby.Harding@example.com,584-554-7060,San Francisco,USA,Colby,Harding,True,True,True
965,Renee.Arroyo@example.com,706-663-4493,Los Angeles,USA,Renee,Arroyo,False,True,True
966,Marjorie.Munoz@example.com,385-637-4138,Los Angeles,USA,Marjorie,Munoz,True,False,False
967,Emilio.Stevenson@example.com,293-399-2353,Toronto,Canada,Emilio,Stevenson,True,False,False
968,Roosevelt.Huff@example.com,348-716-1274,New York,USA,Roosevelt,Huff,True,False,True
969,Layla.Roth@example.com,812-207-8855,Montreal,Canada,Layla,Roth,True,True,False
970,Qasim.Bullock@example.com,392-468-4297,Chicago,USA,Qasim,Bullock,True,True,True
971,Kyran.Duncan@example.com,433-632-3326,New York,USA,Kyran,Duncan,True,False,True
972,Rhiannon.Vaughan@example.com,206-626-6238,Chicago,USA,Rhiannon,Vaughan,True,True,False
973,Jean.Winters@example.com,526-938-2752,San Diego,USA,Jean,Winters,True,False,True
974,Jared.Hamilton@example.com,642-707-7765,New York,USA,Jared,Hamilton,True,False,False
975,Zachary.Rubio@example.com,971-477-1542,Montreal,Canada,Zachary,Rubio,True,True,True
976,Marnie.Mayo@example.com,725-331-2757,San Diego,USA,Marnie,Mayo,True,False,False
977,Anita.Skinner@example.com,885-134-1740,Barcelona,Spain,Anita,Skinner,True,True,False
978,Zain.Haney@example.com,206-514-3761,New York,USA,Zain,Haney,False,False,True
979,Myrtle.Bradford@example.com,960-593-3677,San Diego,USA,Myrtle,Bradford,True,True,False
980,Kacie.Lester@example.com,673-651-6332,Toronto,Canada,Kacie,Lester,True,False,False
981,Gwen.Norris@example.com,699-606-9952,San Diego,USA,Gwen,Norris,True,True,False
982,Myles.Sharpe@example.com,420-682-4722,Toronto,Canada,Myles,Sharpe,False,True,False
983,Nicola.Davenport@example.com,335-679-5225,Toronto,Canada,Nicola,Davenport,False,True,True
984,Adrian.Joseph@example.com,808-456-6071,Chicago,USA,Adrian,Joseph,True,True,True
985,Lloyd.Robbins@example.com,603-494-3648,London,United Kingdom,Lloyd,Robbins,False,True,True
986,Rosanna.Dyer@example.com,512-600-6692,Los Angeles,USA,Rosanna,Dyer,False,True,False
987,Caitlyn.Lawson@example.com,470-723-2187,Paris,France,Caitlyn,Lawson,False,True,True
988,Cain.Robertson@example.com,375-525-5823,New York,USA,Cain,Robertson,False,True,True
989,Leyla.Finley@example.com,743-377-7767,New York,USA,Leyla,Finley,False,True,True
990,Juliette.Luna@example.com,782-806-6417,New York,USA,Juliette,Luna,False,True,False
991,Marion.Webster@example.com,169-218-9165,Toronto,Canada,Marion,Webster,False,True,True
992,Sebastian.Pierce@example.com,947-717-1440,Chicago,USA,Sebastian,Pierce,True,True,True
993,Jayson.Sutton@example.com,289-775-9088,Montreal,Canada,Jayson,Sutton,False,True,True
994,Inaaya.Bruce@example.com,780-773-8755,London,United Kingdom,Inaaya,Bruce,True,False,True
995,Raja.Reeves@example.com,990-569-7356,Montreal,Canada,Raja,Reeves,True,True,False
996,Maria.Stephens@example.com,798-578-4631,Toronto,Canada,Maria,Stephens,True,True,False
997,Sam.Arias@example.com,415-467-1137,Chicago,USA,Sam,Arias,False,True,False
998,Fatimah.Johns@example.com,520-433-7411,London,United Kingdom,Fatimah,Johns,False,True,False
999,Ada.Reid@example.com,958-944-9616,Chicago,USA,Ada,Reid,True,True,True
1000,Simeon.Mccall@example.com,135-125-7738,San Francisco,USA,Simeon,Mccall,True,False,True
